accommodatie_id;accommodatie naam;bouwjaar;X;Y;adres;postcode;plaatsnaam;gemeente;provincie;aantal voorzieningen;aantal indoor voorzieningen;aantal outdoor voorzieningen;aantal outdoor kunstgrasvelden;aantal outdoor natuurgrasvelden;aantal outdoor semi-watervelden;aantal outdoor watervelden;aantal sporthallen;aantal sportzalen;aantal gymzalen;sport
241;Golfbaan Amelisweerd;2000;138791;452777;Mereveldseweg 7;3585lh;utrecht;utrecht;utrecht;27;0;27;0;0;0;0;0;0;0;golf
1477;Sportcentrum Olympos;1995;140466;455898;Uppsalalaan 3;3584ct;utrecht;utrecht;utrecht;3;3;0;0;0;0;0;3;0;0;basketbal
1477;Sportcentrum Olympos;1995;140466;455898;Uppsalalaan 3;3584ct;utrecht;utrecht;utrecht;3;3;0;0;0;0;0;3;0;0;beachvolleybal
1477;Sportcentrum Olympos;1995;140466;455898;Uppsalalaan 3;3584ct;utrecht;utrecht;utrecht;3;3;0;0;0;0;0;3;0;0;floorball
1477;Sportcentrum Olympos;1995;140466;455898;Uppsalalaan 3;3584ct;utrecht;utrecht;utrecht;3;0;3;1;1;0;1;0;0;0;hockey
1477;Sportcentrum Olympos;1995;140466;455898;Uppsalalaan 3;3584ct;utrecht;utrecht;utrecht;3;3;0;0;0;0;0;3;0;0;korfbal
1477;Sportcentrum Olympos;1995;140466;455898;Uppsalalaan 3;3584ct;utrecht;utrecht;utrecht;2;0;2;0;2;0;0;0;0;0;rugby
1477;Sportcentrum Olympos;1995;140466;455898;Uppsalalaan 3;3584ct;utrecht;utrecht;utrecht;3;3;0;0;0;0;0;3;0;0;squash
1477;Sportcentrum Olympos;1995;140466;455898;Uppsalalaan 3;3584ct;utrecht;utrecht;utrecht;3;3;0;0;0;0;0;3;0;0;tafeltennis
1477;Sportcentrum Olympos;1995;140466;455898;Uppsalalaan 3;3584ct;utrecht;utrecht;utrecht;9;0;9;0;0;0;0;0;0;0;tennis
1477;Sportcentrum Olympos;1995;140466;455898;Uppsalalaan 3;3584ct;utrecht;utrecht;utrecht;2;0;2;1;1;0;0;0;0;0;voetbal
1477;Sportcentrum Olympos;1995;140466;455898;Uppsalalaan 3;3584ct;utrecht;utrecht;utrecht;3;3;0;0;0;0;0;3;0;0;volleybal
1477;Sportcentrum Olympos;1995;140466;455898;Uppsalalaan 3;3584ct;utrecht;utrecht;utrecht;3;3;0;0;0;0;0;3;0;0;zaalsport
1478;Papendorp;2007;134426;453517;Tirionlaan 1C;3528bm;utrecht;utrecht;utrecht;4;0;4;0;0;0;0;0;0;0;tennis
1479;T.C. Domstad;2000;134108;454807;Kennedylaan 7;3533kh;utrecht;utrecht;utrecht;17;0;17;0;0;0;0;0;0;0;tennis
1480;Sportpark Rijnvliet;2013;133153;454061;Sportpark Rijnvliet 1;3545ea;utrecht;utrecht;utrecht;10;1;9;0;0;0;0;0;0;0;tennis
1481;Werkspoorkwartier;1987;134208;457009;Nijverheidsweg 10;3534am;utrecht;utrecht;utrecht;3;0;3;0;0;0;0;0;0;0;tennis
1482;Tennis Academy Utrecht;;134421;460401;Manitobadreef 8;3565ch;utrecht;utrecht;utrecht;2;0;2;0;0;0;0;0;0;0;tennis
1514;Sportpark Marco van Basten;2005;133984;456186;Kanaalweg 174;3533hl;utrecht;utrecht;utrecht;1;0;1;0;0;0;0;0;0;0;jeu de boules
1514;Sportpark Marco van Basten;2005;133984;456186;Kanaalweg 174;3533hl;utrecht;utrecht;utrecht;4;0;4;4;0;0;0;0;0;0;tennis
1514;Sportpark Marco van Basten;2005;133984;456186;Kanaalweg 174;3533hl;utrecht;utrecht;utrecht;3;0;3;3;0;0;0;0;0;0;voetbal
1515;Sportpark Welgelegen;2008;135313;454620;Grebbeberglaan 4;3527vx;utrecht;utrecht;utrecht;2;0;2;1;0;0;1;0;0;0;hockey
1515;Sportpark Welgelegen;2008;135313;454620;Grebbeberglaan 4;3527vx;utrecht;utrecht;utrecht;2;0;2;0;0;0;0;0;0;0;jeu de boules
1515;Sportpark Welgelegen;2008;135313;454620;Grebbeberglaan 4;3527vx;utrecht;utrecht;utrecht;3;0;3;0;0;0;0;0;0;0;tennis
1515;Sportpark Welgelegen;2008;135313;454620;Grebbeberglaan 4;3527vx;utrecht;utrecht;utrecht;3;0;3;2;1;0;0;0;0;0;voetbal
1516;Tennispark LTC Vechtlust;1966;133841;459909;2e Polderweg 11;3565md;utrecht;utrecht;utrecht;13;0;13;0;0;0;0;0;0;0;tennis
1517;Tennispark Voorveldse Polder;1974;138808;457100;Ariënslaan 18;3573pt;utrecht;utrecht;utrecht;1;0;1;0;0;0;0;0;0;0;padel
1517;Tennispark Voorveldse Polder;1974;138808;457100;Ariënslaan 18;3573pt;utrecht;utrecht;utrecht;15;0;15;0;0;0;0;0;0;0;tennis
1518;UTV Kromme Rijn;1977;139104;454338;Mytylweg 49;3585lk;utrecht;utrecht;utrecht;7;0;7;0;0;0;0;0;0;0;tennis
1752;De Krommerijn;2014;139276;454982;Weg naar Rhijnauwen 3;3584ad;utrecht;utrecht;utrecht;1;0;1;0;0;0;0;0;0;0;beachvolleybal
1752;De Krommerijn;2014;139276;454982;Weg naar Rhijnauwen 3;3584ad;utrecht;utrecht;utrecht;3;1;2;0;0;0;0;0;0;0;zwemmen
1766;skipiste nieuwegein;;132489,926;449659,942;nedereindseweg 501a;3546pm;utrecht;utrecht;utrecht;4;0;4;0;0;0;0;0;0;0;skieen
1889;Sportpark Maarschalkerweerd;;139196;454469;Mytylweg 79;3585LK;utrecht;utrecht;utrecht;2;0;2;0;0;0;0;0;0;0;atletiek
1890;Sportpark Maarschalkerweerd;1962;139014;454664;Blauwe Vogelweg 11;3585lk;utrecht;utrecht;utrecht;1;1;0;0;0;0;0;0;0;0;zwemmen
2023;Sportpark Voordorp;1991;138617;457713;Voorveldselaan 2;3573pv;utrecht;utrecht;utrecht;1;0;1;0;0;0;0;0;0;0;jeu de boules
2023;Sportpark Voordorp;1991;138617;457713;Voorveldselaan 2;3573pv;utrecht;utrecht;utrecht;7;0;7;6;0;0;0;0;0;0;tennis
2024;sportpark maarschalkerweerd;1900;139258;454733;mytylweg 100;3585lk;utrecht;utrecht;utrecht;1;0;1;0;0;0;0;0;0;0;jeu de boules
2190;sportpark overvecht-noord I;1966;134374;460435;2e Polderweg 11;3565md;utrecht;utrecht;utrecht;4;0;4;0;4;0;0;0;0;0;voetbal
2225;onbekend;;139014;454664;blauwe-vogelweg 11;3585lm;utrecht;utrecht;utrecht;1;0;1;0;0;0;0;0;0;0;buitenspelen
2225;onbekend;;139014;454664;blauwe-vogelweg 11;3585lm;utrecht;utrecht;utrecht;3;0;3;0;0;0;0;0;0;0;cricket
2226;onbekend;2006;138760;457478;voorveldselaan 4;3573pv;utrecht;utrecht;utrecht;2;0;2;0;0;0;0;0;0;0;cricket
2227;onbekend;;132933;459458;burg. norbruislaan 680;3565ch;utrecht;utrecht;utrecht;1;0;1;0;0;0;0;0;0;0;cricket
2387;Sportpark Welgelegen;1983;135137;454872;Admiraal Helfrichlaan 20;3527kv;utrecht;utrecht;utrecht;1;0;1;0;0;0;0;0;0;0;honkbal
2387;Sportpark Welgelegen;1983;135137;454872;Admiraal Helfrichlaan 20;3527kv;utrecht;utrecht;utrecht;2;0;2;0;0;0;0;0;0;0;softbal
2513;sportcomplex kampong;;138835;454441;Laan van Maarschalkerweerd 2;3585lj;utrecht;utrecht;utrecht;10;0;10;0;0;0;0;0;0;0;jeu de boules
2514;julianapark;1960;134323;457759;julianaparklaan 9;3553hk;utrecht;utrecht;utrecht;25;0;25;0;0;0;0;0;0;0;jeu de boules
3231;manege 't hoogt;1890;135892;460071;gageldijk 104;3566mh;utrecht;utrecht;utrecht;1;0;1;0;0;0;0;0;0;0;paardensport
3232;manege amelisweerd;1997;138437;453760;koningsweg 139;3585la;utrecht;utrecht;utrecht;1;0;1;0;0;0;0;0;0;0;paardensport
3233;manege en ponycentrum groenesteyn;1900;138944;456682;biltsestraatweg 88;3573ps;utrecht;utrecht;utrecht;1;0;1;0;0;0;0;0;0;0;paardensport
3234;manege maria's hoeve;1877;132562;454985;zandweg 43;3544aa;utrecht;utrecht;utrecht;1;0;1;0;0;0;0;0;0;0;paardensport
5307;De Hoogstraat Revalidatie;1988;138448;455464;Rembrandtkade 10;3583tm;utrecht;utrecht;utrecht;1;1;0;0;0;0;0;0;0;1;badminton
5307;De Hoogstraat Revalidatie;1988;138448;455464;Rembrandtkade 10;3583tm;utrecht;utrecht;utrecht;1;1;0;0;0;0;0;0;0;1;basketbal
5307;De Hoogstraat Revalidatie;1988;138448;455464;Rembrandtkade 10;3583tm;utrecht;utrecht;utrecht;1;1;0;0;0;0;0;0;0;1;boksen
5307;De Hoogstraat Revalidatie;1988;138448;455464;Rembrandtkade 10;3583tm;utrecht;utrecht;utrecht;1;1;0;0;0;0;0;0;0;1;dansen
5307;De Hoogstraat Revalidatie;1988;138448;455464;Rembrandtkade 10;3583tm;utrecht;utrecht;utrecht;1;1;0;0;0;0;0;0;0;1;fitness
5307;De Hoogstraat Revalidatie;1988;138448;455464;Rembrandtkade 10;3583tm;utrecht;utrecht;utrecht;1;1;0;0;0;0;0;0;0;1;handbal
5307;De Hoogstraat Revalidatie;1988;138448;455464;Rembrandtkade 10;3583tm;utrecht;utrecht;utrecht;1;1;0;0;0;0;0;0;0;1;handboogschieten
5307;De Hoogstraat Revalidatie;1988;138448;455464;Rembrandtkade 10;3583tm;utrecht;utrecht;utrecht;1;1;0;0;0;0;0;0;0;1;hockey
5307;De Hoogstraat Revalidatie;1988;138448;455464;Rembrandtkade 10;3583tm;utrecht;utrecht;utrecht;1;1;0;0;0;0;0;0;0;1;tafeltennis
5307;De Hoogstraat Revalidatie;1988;138448;455464;Rembrandtkade 10;3583tm;utrecht;utrecht;utrecht;1;1;0;0;0;0;0;0;0;1;tennis
5307;De Hoogstraat Revalidatie;1988;138448;455464;Rembrandtkade 10;3583tm;utrecht;utrecht;utrecht;1;1;0;0;0;0;0;0;0;1;volleybal
5307;De Hoogstraat Revalidatie;1988;138448;455464;Rembrandtkade 10;3583tm;utrecht;utrecht;utrecht;1;1;0;0;0;0;0;0;0;1;zaalsport
5307;De Hoogstraat Revalidatie;1988;138448;455464;Rembrandtkade 10;3583tm;utrecht;utrecht;utrecht;1;1;0;0;0;0;0;0;0;1;zaalvoetbal
5307;De Hoogstraat Revalidatie;1988;138448;455464;Rembrandtkade 10;3583tm;utrecht;utrecht;utrecht;1;1;0;0;0;0;0;0;0;0;zwemmen
5308;david lloyd sports & health club;1985;134418;459378;mississippidreef 161;3565ce;utrecht;utrecht;utrecht;1;1;0;0;0;0;0;0;1;0;basketbal
5308;david lloyd sports & health club;1985;134418;459378;mississippidreef 161;3565ce;utrecht;utrecht;utrecht;1;1;0;0;0;0;0;0;0;0;fitness
5308;david lloyd sports & health club;1985;134418;459378;mississippidreef 161;3565ce;utrecht;utrecht;utrecht;1;1;0;0;0;0;0;0;0;0;squash
5308;david lloyd sports & health club;1985;134418;459378;mississippidreef 161;3565ce;utrecht;utrecht;utrecht;1;1;0;0;0;0;0;0;1;0;zaalsport
5308;david lloyd sports & health club;1985;134418;459378;mississippidreef 161;3565ce;utrecht;utrecht;utrecht;1;1;0;0;0;0;0;0;0;0;zwemmen
5309;Aquacenter Den Hommel;1962;134234;454786;Kennedylaan 5;3533kh;utrecht;utrecht;utrecht;6;5;1;0;0;0;0;0;0;0;zwemmen
5310;medicort/ zwembad waterwijs;1966;134948;453611;jan cornelisz maylaan 6;3526gv;utrecht;utrecht;utrecht;1;1;0;0;0;0;0;0;0;0;zwemmen
5311;De Kwakel;1995;135568;458624;Paranádreef 10;3563ax;utrecht;utrecht;utrecht;5;5;0;0;0;0;0;0;0;0;zwemmen
5312;sauna la mar;1962;136255;453011;jutfaseweg 223a;3522hs;utrecht;utrecht;utrecht;1;0;1;0;0;0;0;0;0;0;zwemmen
5313;umc utrecht;1985;140771;455327;heidelberglaan 100;3584cx;utrecht;utrecht;utrecht;1;1;0;0;0;0;0;0;0;0;zwemmen
8808;Sporthal Loevenhout;2018;136039;457745;Loevenhoutsedijk 2;3552xe;utrecht;utrecht;utrecht;1;1;0;0;0;0;0;1;0;0;zaalsport
8809;KBS Stepping Stones;1966;137730;454976;Notebomenlaan 137;3582cj;utrecht;utrecht;utrecht;1;1;0;0;0;0;0;0;0;1;schermen
8809;KBS Stepping Stones;1966;137730;454976;Notebomenlaan 137;3582cj;utrecht;utrecht;utrecht;1;1;0;0;0;0;0;0;0;1;zaalsport
8810;Auris Fortaal Bovenbouw;1970;135161;459087;Agavedreef 92;3563en;utrecht;utrecht;utrecht;1;1;0;0;0;0;0;0;0;1;zaalsport
8811;Gertrudisschool;;136483;454268;Amaliadwarsstraat 2;3522ar;utrecht;utrecht;utrecht;1;1;0;0;0;0;0;0;0;1;zaalsport
8812;Rafaelschool Onderbouw;1977;134195;454551;Attleeplantsoen 39;3527ba;utrecht;utrecht;utrecht;1;1;0;0;0;0;0;0;0;1;zaalsport
8813;STIP VSO;2014;135774;453009;Europalaan 89;3526kp;utrecht;utrecht;utrecht;3;3;0;0;0;0;0;0;0;3;zaalsport
8814;Basisschool De Odyssee;1932;137765;455333;Homeruslaan 40;3581mj;utrecht;utrecht;utrecht;1;1;0;0;0;0;0;0;0;1;zaalsport
8815;Kromme Rijn College;2011;137614;454536;Kranenburgerweg 20;3582gr;utrecht;utrecht;utrecht;1;1;0;0;0;0;0;0;0;1;zaalsport
8816;Gymzaal Lanslaan;;135638;453889;Lanslaan 12;3526xh;utrecht;utrecht;utrecht;1;1;0;0;0;0;0;0;0;1;zaalsport
8817;Aboe Daoedschool;1928;135367;458102;Marnixlaan 362;3552hm;utrecht;utrecht;utrecht;1;1;0;0;0;0;0;0;0;1;zaalsport
8818;De Sint Maartenschool;1995;136782;458647;Neckardreef 20;3562cp;utrecht;utrecht;utrecht;1;1;0;0;0;0;0;0;0;1;zaalsport
8819;Utrechtse Buitenschool De Schans;1979;134722;459168;Orinocodreef 15;3563st;utrecht;utrecht;utrecht;1;1;0;0;0;0;0;0;0;1;zaalsport
8820;OBS De Cirkel;1999;134369;458504;Prinses Margrietstraat 124;3554gj;utrecht;utrecht;utrecht;1;1;0;0;0;0;0;0;0;1;zaalsport
8821;Auris Rotsoord;1961;136775;453942;Rotsoord 36;3523cl;utrecht;utrecht;utrecht;1;1;0;0;0;0;0;0;0;1;zaalsport
8822;Auris Fortaal Onderbouw;1973;135240;458761;Santa Cruzdreef 30;3563vj;utrecht;utrecht;utrecht;1;1;0;0;0;0;0;0;0;1;zaalsport
8823;KSU de Catharijnepoort;1994;135223;456280;Staringstraat 1;3532vm;utrecht;utrecht;utrecht;1;1;0;0;0;0;0;0;0;1;zaalsport
8824;Anne Frankschool;2008;135214;454419;Van Bijnkershoeklaan 280;3527xl;utrecht;utrecht;utrecht;1;1;0;0;0;0;0;0;0;1;zaalsport
8825;SO Fier;2019;138090;457806;Winklerlaan 79;3571kl;utrecht;utrecht;utrecht;1;1;0;0;0;0;0;0;0;1;zaalsport
8826;CBS De Piramide;1931;134549;458129;Bisschopsplein 8;3553sk;utrecht;utrecht;utrecht;1;1;0;0;0;0;0;0;0;1;zaalsport
8827;St. Bonifatiuscollege;1960;137829;455011;Burgemeester Fockema Andreaelaan 7-9;3582ka;utrecht;utrecht;utrecht;2;2;0;0;0;0;0;0;0;2;zaalsport
8828;KBS Op De Groene Alm;2016;133398;455640;3e Oosterparklaan 71;3541sc;utrecht;utrecht;utrecht;1;1;0;0;0;0;0;0;0;1;zaalsport
8829;Taekwondo Eddeane;1967;136555;458294;La Bohèmedreef 5;3561kw;utrecht;utrecht;utrecht;1;1;0;0;0;0;0;0;0;1;zaalsport
8830;Kranenburg Praktijkonderwijs;2012;138045;454287;Tamboersdijk 9;3582tz;utrecht;utrecht;utrecht;1;1;0;0;0;0;0;0;0;1;zaalsport
8831;Gymzaal Vondellaan;2002;136485;454511;Vondellaan 178;3521gh;utrecht;utrecht;utrecht;1;1;0;0;0;0;0;0;0;1;zaalsport
8832;Utrechts Stedelijk Gymnasium;2011;137586;454916;Ina Boudier-Bakkerlaan 7;3582va;utrecht;utrecht;utrecht;2;2;0;0;0;0;0;0;0;2;zaalsport
8833;Christelijk Gymnasium Utrecht;1953;135259;455588;Koningsbergerstraat 2;3531aj;utrecht;utrecht;utrecht;2;2;0;0;0;0;0;0;0;2;zaalsport
8834;Gerrit Rietveld College;2017;137863;458146;Eykmanlaan 1200;3571kh;utrecht;utrecht;utrecht;2;2;0;0;0;0;0;0;0;2;zaalsport
8835;Gymzaal Van Bijnkershoeklaan;1973;135143;454717;Van Bijnkershoeklaan 6;3527xl;utrecht;utrecht;utrecht;1;1;0;0;0;0;0;0;0;1;zaalsport
8836;Daltonschool Rijnsweerd;2000;138955;455397;Jan Muschlaan 24;3584gv;utrecht;utrecht;utrecht;1;1;0;0;0;0;0;0;0;1;zaalsport
8837;Christelijke Jenaplanschool de Brug;1930;134715;455836;Laan van Nieuw-Guinea 20;3531jj;utrecht;utrecht;utrecht;1;1;0;0;0;0;0;0;0;1;zaalsport
8838;KBS St. Jan de Doper;1961;136752;453406;Rijnhuizenlaan 2-4;3523ja;utrecht;utrecht;utrecht;1;1;0;0;0;0;0;0;0;1;zaalsport
8839;UniC Utrecht;2010;135071;454704;Van Bijnkershoeklaan 2;3527xl;utrecht;utrecht;utrecht;1;1;0;0;0;0;0;0;0;1;zaalsport
8840;OBS De Hoge Raven;2013;136703;452960;Wijnesteinlaan 6;3525al;utrecht;utrecht;utrecht;1;1;0;0;0;0;0;0;0;1;zaalsport
8841;Gymzaal Afrikalaan;2015;135018;453559;Afrikalaan 28;3526vn;utrecht;utrecht;utrecht;1;1;0;0;0;0;0;0;0;1;zaalsport
8843;Mytylschool De Kleine Prins;1962;139014;454664;Blauwe-Vogelweg 11;3585lk;utrecht;utrecht;utrecht;1;1;0;0;0;0;0;0;0;1;(rolstoel)hockey
8843;Mytylschool De Kleine Prins;1962;139014;454664;Blauwe-Vogelweg 11;3585lk;utrecht;utrecht;utrecht;2;2;0;0;0;0;0;0;0;2;zaalsport
8845;Gymzaal Burgemeester Fockema Andreaelaan;;137803;454945;Burgemeester Fockema Andreaelaan 9;3582ka;utrecht;utrecht;utrecht;1;1;0;0;0;0;0;0;0;1;zaalsport
8846;Gymzaal Goeree;;137757;452608;Goeree 6;3524zz;utrecht;utrecht;utrecht;1;1;0;0;0;0;0;0;0;1;zaalsport
8847;onbekend;;133961;455665;johan wagenaarkade 46a;3533tg;utrecht;utrecht;utrecht;1;1;0;0;0;0;0;0;0;1;zaalsport
8848;KBS Onder De Bogen;;132959;456222;Madridstraat 1;3541dz;utrecht;utrecht;utrecht;1;1;0;0;0;0;0;0;0;1;zaalsport
8849;Gymzaal Pagodedreef;2017;135607;459937;Pagodedreef 4;3564xs;utrecht;utrecht;utrecht;1;1;0;0;0;0;0;0;0;1;zaalsport
8946;Sporthal UKV de Halter;2004;136132;454616;Heycopplein 5;3521ex;utrecht;utrecht;utrecht;1;1;0;0;0;0;0;0;0;1;zaalsport
9885;Sporthal Sportcampus;2005;132665;456044;Maartvlinder 11;3544da;utrecht;utrecht;utrecht;1;1;0;0;0;0;0;1;0;0;basketbal
9885;Sporthal Sportcampus;2005;132665;456044;Maartvlinder 11;3544da;utrecht;utrecht;utrecht;1;1;0;0;0;0;0;1;0;0;handbal
9885;Sporthal Sportcampus;2005;132665;456044;Maartvlinder 11;3544da;utrecht;utrecht;utrecht;1;1;0;0;0;0;0;0;0;0;klimsport
9885;Sporthal Sportcampus;2005;132665;456044;Maartvlinder 11;3544da;utrecht;utrecht;utrecht;1;1;0;0;0;0;0;1;0;0;volleybal
9885;Sporthal Sportcampus;2005;132665;456044;Maartvlinder 11;3544da;utrecht;utrecht;utrecht;1;1;0;0;0;0;0;1;0;0;zaalsport
9885;Sporthal Sportcampus;2005;132665;456044;Maartvlinder 11;3544da;utrecht;utrecht;utrecht;1;1;0;0;0;0;0;1;0;0;zaalvoetbal
9886;Sporthal Nieuw Welgelegen;;135298;454664;Grebbeberglaan 7;3527vx;utrecht;utrecht;utrecht;2;2;0;0;0;0;0;2;0;0;badminton
9886;Sporthal Nieuw Welgelegen;;135298;454664;Grebbeberglaan 7;3527vx;utrecht;utrecht;utrecht;2;2;0;0;0;0;0;2;0;0;basketbal
9886;Sporthal Nieuw Welgelegen;;135298;454664;Grebbeberglaan 7;3527vx;utrecht;utrecht;utrecht;2;2;0;0;0;0;0;2;0;0;floorball
9886;Sporthal Nieuw Welgelegen;;135298;454664;Grebbeberglaan 7;3527vx;utrecht;utrecht;utrecht;2;2;0;0;0;0;0;2;0;0;gymnastiek
9886;Sporthal Nieuw Welgelegen;;135298;454664;Grebbeberglaan 7;3527vx;utrecht;utrecht;utrecht;2;2;0;0;0;0;0;2;0;0;handbal
9886;Sporthal Nieuw Welgelegen;;135298;454664;Grebbeberglaan 7;3527vx;utrecht;utrecht;utrecht;2;2;0;0;0;0;0;0;0;0;turnen
9886;Sporthal Nieuw Welgelegen;;135298;454664;Grebbeberglaan 7;3527vx;utrecht;utrecht;utrecht;2;2;0;0;0;0;0;2;0;0;vechtsport
9886;Sporthal Nieuw Welgelegen;;135298;454664;Grebbeberglaan 7;3527vx;utrecht;utrecht;utrecht;2;2;0;0;0;0;0;2;0;0;volleybal
9886;Sporthal Nieuw Welgelegen;;135298;454664;Grebbeberglaan 7;3527vx;utrecht;utrecht;utrecht;2;2;0;0;0;0;0;2;0;0;zaalsport
9886;Sporthal Nieuw Welgelegen;;135298;454664;Grebbeberglaan 7;3527vx;utrecht;utrecht;utrecht;2;2;0;0;0;0;0;2;0;0;zaalvoetbal
9887;Sporthal Hoograven;1977;136464;453306;Verlengde Hoogravenseweg 203;3523kj;utrecht;utrecht;utrecht;1;1;0;0;0;0;0;1;0;0;badminton
9887;Sporthal Hoograven;1977;136464;453306;Verlengde Hoogravenseweg 203;3523kj;utrecht;utrecht;utrecht;1;1;0;0;0;0;0;1;0;0;basketbal
9887;Sporthal Hoograven;1977;136464;453306;Verlengde Hoogravenseweg 203;3523kj;utrecht;utrecht;utrecht;2;1;1;0;0;0;0;1;0;0;handbal
9887;Sporthal Hoograven;1977;136464;453306;Verlengde Hoogravenseweg 203;3523kj;utrecht;utrecht;utrecht;1;1;0;0;0;0;0;1;0;0;korfbal
9887;Sporthal Hoograven;1977;136464;453306;Verlengde Hoogravenseweg 203;3523kj;utrecht;utrecht;utrecht;1;1;0;0;0;0;0;1;0;0;zaalsport
9888;Sporthal Lunetten;1984;138200;452789;Zwarte Woud 201;3524sg;utrecht;utrecht;utrecht;1;1;0;0;0;0;0;1;0;0;badminton
9888;Sporthal Lunetten;1984;138200;452789;Zwarte Woud 201;3524sg;utrecht;utrecht;utrecht;1;1;0;0;0;0;0;1;0;0;basketbal
9888;Sporthal Lunetten;1984;138200;452789;Zwarte Woud 201;3524sg;utrecht;utrecht;utrecht;1;1;0;0;0;0;0;1;0;0;floorball
9888;Sporthal Lunetten;1984;138200;452789;Zwarte Woud 201;3524sg;utrecht;utrecht;utrecht;1;1;0;0;0;0;0;1;0;0;handbal
9888;Sporthal Lunetten;1984;138200;452789;Zwarte Woud 201;3524sg;utrecht;utrecht;utrecht;1;1;0;0;0;0;0;1;0;0;judo
9888;Sporthal Lunetten;1984;138200;452789;Zwarte Woud 201;3524sg;utrecht;utrecht;utrecht;1;1;0;0;0;0;0;1;0;0;korfbal
9888;Sporthal Lunetten;1984;138200;452789;Zwarte Woud 201;3524sg;utrecht;utrecht;utrecht;1;1;0;0;0;0;0;1;0;0;volleybal
9888;Sporthal Lunetten;1984;138200;452789;Zwarte Woud 201;3524sg;utrecht;utrecht;utrecht;1;1;0;0;0;0;0;1;0;0;zaalsport
9889;Sporthal Nieuw Zuilen;2012;132933;459458;Burgemeester Norbruislaan 680;3555ez;utrecht;utrecht;utrecht;1;1;0;0;0;0;0;1;0;0;badminton
9889;Sporthal Nieuw Zuilen;2012;132933;459458;Burgemeester Norbruislaan 680;3555ez;utrecht;utrecht;utrecht;1;1;0;0;0;0;0;1;0;0;basketbal
9889;Sporthal Nieuw Zuilen;2012;132933;459458;Burgemeester Norbruislaan 680;3555ez;utrecht;utrecht;utrecht;1;1;0;0;0;0;0;1;0;0;handbal
9889;Sporthal Nieuw Zuilen;2012;132933;459458;Burgemeester Norbruislaan 680;3555ez;utrecht;utrecht;utrecht;1;1;0;0;0;0;0;1;0;0;korfbal
9889;Sporthal Nieuw Zuilen;2012;132933;459458;Burgemeester Norbruislaan 680;3555ez;utrecht;utrecht;utrecht;1;1;0;0;0;0;0;1;0;0;zaalsport
9890;Sporthal De Dreef;;136604;459248;Schooneggendreef 27;3562gg;utrecht;utrecht;utrecht;1;1;0;0;0;0;0;1;0;0;biljart
9890;Sporthal De Dreef;;136604;459248;Schooneggendreef 27;3562gg;utrecht;utrecht;utrecht;1;1;0;0;0;0;0;1;0;0;handbal
9890;Sporthal De Dreef;;136604;459248;Schooneggendreef 27;3562gg;utrecht;utrecht;utrecht;1;1;0;0;0;0;0;1;0;0;zaalsport
9891;ROC Midden Nederland;2015;135019;453893;Amerikalaan 109;3526vd;utrecht;utrecht;utrecht;1;1;0;0;0;0;0;1;0;0;handbal
9891;ROC Midden Nederland;2015;135019;453893;Amerikalaan 109;3526vd;utrecht;utrecht;utrecht;1;1;0;0;0;0;0;1;0;0;zaalsport
10101;artemis '79;1962;134234;454786;kennedylaan 5a;3533kh;utrecht;utrecht;utrecht;1;0;1;0;0;0;0;0;0;0;handboogschieten
10369;all inn;1990;134293;457432;vlampijpstraat 79;3534ar;utrecht;utrecht;utrecht;1;1;0;0;0;0;0;0;0;0;fitness
10369;all inn;1990;134293;457432;vlampijpstraat 79;3534ar;utrecht;utrecht;utrecht;1;1;0;0;0;0;0;0;0;0;squash
10370;Sportcentrum Utrecht;1978;131274;459054;Zonnebaan 22;3542ee;utrecht;utrecht;utrecht;1;0;1;0;0;0;0;0;0;0;judo
10370;Sportcentrum Utrecht;1978;131274;459054;Zonnebaan 22;3542ee;utrecht;utrecht;utrecht;1;1;0;0;0;0;0;0;0;0;squash
10370;Sportcentrum Utrecht;1978;131274;459054;Zonnebaan 22;3542ee;utrecht;utrecht;utrecht;1;1;0;0;0;0;0;0;0;0;zaalsport
10371;squash utrecht;1990;136269;457875;taagdreef 130;3561vl;utrecht;utrecht;utrecht;1;1;0;0;0;0;0;0;0;0;squash
10744;Gymzaal Duurstedelaan;2013;136710;452939;Duurstedelaan 14A;3525ar;utrecht;utrecht;utrecht;2;2;0;0;0;0;0;0;0;2;bewegingsonderwijs
10744;Gymzaal Duurstedelaan;2013;136710;452939;Duurstedelaan 14A;3525ar;utrecht;utrecht;utrecht;2;2;0;0;0;0;0;0;0;2;gymnastiek
10744;Gymzaal Duurstedelaan;2013;136710;452939;Duurstedelaan 14A;3525ar;utrecht;utrecht;utrecht;2;2;0;0;0;0;0;0;0;2;tafeltennis
10744;Gymzaal Duurstedelaan;2013;136710;452939;Duurstedelaan 14A;3525ar;utrecht;utrecht;utrecht;2;2;0;0;0;0;0;0;0;2;vechtsport
10744;Gymzaal Duurstedelaan;2013;136710;452939;Duurstedelaan 14A;3525ar;utrecht;utrecht;utrecht;2;2;0;0;0;0;0;0;0;2;zaalsport
10745;sportpark loevenhoutsedijk;1994;136098;457749;loevenhoutsedijk 4;3552xe;utrecht;utrecht;utrecht;1;1;0;0;0;0;0;0;0;0;bridge
10745;sportpark loevenhoutsedijk;1994;136098;457749;loevenhoutsedijk 4;3552xe;utrecht;utrecht;utrecht;1;1;0;0;0;0;0;0;0;0;tafeltennis
10770;Voormalig MBO Utrecht;1967;136378;452477;Pagelaan 1;3525gw;utrecht;utrecht;utrecht;1;1;0;0;0;0;0;0;0;1;bewegingsonderwijs
10770;Voormalig MBO Utrecht;1967;136378;452477;Pagelaan 1;3525gw;utrecht;utrecht;utrecht;1;1;0;0;0;0;0;0;0;1;gymnastiek
10770;Voormalig MBO Utrecht;1967;136378;452477;Pagelaan 1;3525gw;utrecht;utrecht;utrecht;1;1;0;0;0;0;0;0;0;1;tafeltennis
10770;Voormalig MBO Utrecht;1967;136378;452477;Pagelaan 1;3525gw;utrecht;utrecht;utrecht;1;1;0;0;0;0;0;0;0;1;zaalsport
10868;Gymzaal Prof. van Bemmelenlaan;2004;137288;457935;Prof. van Bemmelenlaan 51A;3571el;utrecht;utrecht;utrecht;1;1;0;0;0;0;0;0;0;1;badminton
10868;Gymzaal Prof. van Bemmelenlaan;2004;137288;457935;Prof. van Bemmelenlaan 51A;3571el;utrecht;utrecht;utrecht;1;1;0;0;0;0;0;0;0;1;bewegingsonderwijs
10868;Gymzaal Prof. van Bemmelenlaan;2004;137288;457935;Prof. van Bemmelenlaan 51A;3571el;utrecht;utrecht;utrecht;1;1;0;0;0;0;0;0;0;1;gymnastiek
10868;Gymzaal Prof. van Bemmelenlaan;2004;137288;457935;Prof. van Bemmelenlaan 51A;3571el;utrecht;utrecht;utrecht;1;1;0;0;0;0;0;0;0;1;judo
10868;Gymzaal Prof. van Bemmelenlaan;2004;137288;457935;Prof. van Bemmelenlaan 51A;3571el;utrecht;utrecht;utrecht;1;1;0;0;0;0;0;0;0;1;vechtsport
10868;Gymzaal Prof. van Bemmelenlaan;2004;137288;457935;Prof. van Bemmelenlaan 51A;3571el;utrecht;utrecht;utrecht;1;1;0;0;0;0;0;0;0;1;zaalsport
12323;Basic-Fit Utrecht Zonnebaan;1978;131274;459054;Zonnebaan 22;3542ee;utrecht;utrecht;utrecht;1;1;0;0;0;0;0;0;0;0;fitness
12323;Basic-Fit Utrecht Zonnebaan;1978;131274;459054;Zonnebaan 22;3542ee;utrecht;utrecht;utrecht;1;1;0;0;0;0;0;0;0;0;zaalsport
12324;family fitness;1995;135568;458624;Paranádreef 10;3563ax;utrecht;utrecht;utrecht;1;1;0;0;0;0;0;0;0;0;fitness
12325;hrnstr 33;1850;136827;455293;oudegracht 303;3511pb;utrecht;utrecht;utrecht;1;1;0;0;0;0;0;0;0;0;fitness
12326;hrnstr33;1800;137138;455743;herenstraat 33;3512kb;utrecht;utrecht;utrecht;1;1;0;0;0;0;0;0;0;0;fitness
12327;hrnstr33;;135914;456495;herenweg 10;3513ce;utrecht;utrecht;utrecht;1;1;0;0;0;0;0;0;0;0;fitness
12328;bbb utrecht;;136184;456663;oudenoord 219;3513ep;utrecht;utrecht;utrecht;1;1;0;0;0;0;0;0;0;0;fitness
12329;fit lunetten;1985;137795;452905;hondsrug 19;3524bp;utrecht;utrecht;utrecht;1;1;0;0;0;0;0;0;0;0;fitness
12330;gym4all;2000;136007;453680;kanaalweg 29a;3526km;utrecht;utrecht;utrecht;1;1;0;0;0;0;0;0;0;0;fitness
12331;curves;2006;135132;456185;vleutenseweg 281;3532he;utrecht;utrecht;utrecht;1;1;0;0;0;0;0;0;0;0;fitness
12332;body control;;131441;459477;maarssenbroeksedijk 17;3542dl;utrecht;utrecht;utrecht;1;1;0;0;0;0;0;0;0;0;fitness
12333;fit20;2000;131554;459998;computerweg 11;3542dp;utrecht;utrecht;utrecht;1;1;0;0;0;0;0;0;0;0;fitness
12334;curves;2004;131444;457356;musicallaan 163;3543ec;utrecht;utrecht;utrecht;1;1;0;0;0;0;0;0;0;0;fitness
12335;krav maga;1919;134455;457821;amsterdamsestraatweg 539;3553ee;utrecht;utrecht;utrecht;1;1;0;0;0;0;0;0;0;0;fitness
12336;newstyle;1981;133504;458793;minister talmastraat 20;3555gh;utrecht;utrecht;utrecht;1;1;0;0;0;0;0;0;0;0;fitness
12337;tamminga fysiotherapie;1995;133936;458265;amsterdamsestraatweg 646;3555hx;utrecht;utrecht;utrecht;1;1;0;0;0;0;0;0;0;0;fitness
12338;linewish fitclub/sunclub;;136954;458195;arnodreef 42;3561gm;utrecht;utrecht;utrecht;1;1;0;0;0;0;0;0;0;0;fitness
12339;fitness factory;;137205;456336;biltstraat 23i;3572ab;utrecht;utrecht;utrecht;1;1;0;0;0;0;0;0;0;0;fitness
12340;wittevrouwen fitness;1895;137719;456701;poortstraat 94;3572hn;utrecht;utrecht;utrecht;1;1;0;0;0;0;0;0;0;0;fitness
12341;healthcity;1983;138361;454518;herculesplein 375;3584aa;utrecht;utrecht;utrecht;1;1;0;0;0;0;0;0;0;0;fitness
13164;rabobank nederland;1984;135938;455417;croeselaan 18;3521cb;utrecht;utrecht;utrecht;1;1;0;0;0;0;0;0;0;0;bridge
13165;buurthuis oudwijk;1986;137735;455608;oudwijkerdwarsstraat 148;3581lj;utrecht;utrecht;utrecht;1;1;0;0;0;0;0;0;0;0;bridge
13186;ndc den hommel;2001;134101;454699;kennedylaan 9;3533kh;utrecht;utrecht;utrecht;1;1;0;0;0;0;0;0;0;0;bridge
13187;trajectum college;1996;136338;457809;vader rijndreef 9;3561xb;utrecht;utrecht;utrecht;1;1;0;0;0;0;0;0;0;0;bridge
13596;Sportcentrum Galgenwaard;1983;138378;454427;Herculesplein 341;3584aa;utrecht;utrecht;utrecht;1;1;0;0;0;0;0;0;0;0;atletiek
13596;Sportcentrum Galgenwaard;1983;138378;454427;Herculesplein 341;3584aa;utrecht;utrecht;utrecht;2;2;0;0;0;0;0;2;0;0;badminton
13596;Sportcentrum Galgenwaard;1983;138378;454427;Herculesplein 341;3584aa;utrecht;utrecht;utrecht;2;2;0;0;0;0;0;2;0;0;basketbal
13596;Sportcentrum Galgenwaard;1983;138378;454427;Herculesplein 341;3584aa;utrecht;utrecht;utrecht;2;2;0;0;0;0;0;2;0;0;korfbal
13596;Sportcentrum Galgenwaard;1983;138378;454427;Herculesplein 341;3584aa;utrecht;utrecht;utrecht;2;2;0;0;0;0;0;2;0;0;schermen
13596;Sportcentrum Galgenwaard;1983;138378;454427;Herculesplein 341;3584aa;utrecht;utrecht;utrecht;2;2;0;0;0;0;0;2;0;0;volleybal
13596;Sportcentrum Galgenwaard;1983;138378;454427;Herculesplein 341;3584aa;utrecht;utrecht;utrecht;2;2;0;0;0;0;0;2;0;0;zaalsport
13597;Sportpark Loevenhoutsedijk;2018;136143;457797;Loevenhoutsedijk 2;3552xe;utrecht;utrecht;utrecht;2;0;2;2;0;0;0;0;0;0;korfbal
13597;Sportpark Loevenhoutsedijk;2018;136143;457797;Loevenhoutsedijk 2;3552xe;utrecht;utrecht;utrecht;2;0;2;1;1;0;0;0;0;0;voetbal
13598;Sportpark Hoograven Zuid;1900;136169;452437;Verlengde Hoogravenseweg 15;3525bb;utrecht;utrecht;utrecht;2;0;2;2;0;0;0;0;0;0;korfbal
13598;Sportpark Hoograven Zuid;1900;136169;452437;Verlengde Hoogravenseweg 15;3525bb;utrecht;utrecht;utrecht;1;0;1;1;0;0;0;0;0;0;voetbal
13599;Het Geuzenkwartier;1904;135229;457794;Laan van Chartroise 166;3552ez;utrecht;utrecht;utrecht;1;1;0;0;0;0;0;0;0;1;basketbal
13599;Het Geuzenkwartier;1904;135229;457794;Laan van Chartroise 166;3552ez;utrecht;utrecht;utrecht;1;1;0;0;0;0;0;0;0;1;bewegingsonderwijs
13599;Het Geuzenkwartier;1904;135229;457794;Laan van Chartroise 166;3552ez;utrecht;utrecht;utrecht;1;1;0;0;0;0;0;0;0;1;gymnastiek
13599;Het Geuzenkwartier;1904;135229;457794;Laan van Chartroise 166;3552ez;utrecht;utrecht;utrecht;1;1;0;0;0;0;0;0;0;1;korfbal
13599;Het Geuzenkwartier;1904;135229;457794;Laan van Chartroise 166;3552ez;utrecht;utrecht;utrecht;1;1;0;0;0;0;0;0;0;1;vechtsport
13599;Het Geuzenkwartier;1904;135229;457794;Laan van Chartroise 166;3552ez;utrecht;utrecht;utrecht;1;1;0;0;0;0;0;0;0;1;zaalsport
13600;Gymzaal Winterboeidreef;1975;136861;458047;Winterboeidreef 8;3561hx;utrecht;utrecht;utrecht;1;1;0;0;0;0;0;0;0;1;bewegingsonderwijs
13600;Gymzaal Winterboeidreef;1975;136861;458047;Winterboeidreef 8;3561hx;utrecht;utrecht;utrecht;1;1;0;0;0;0;0;0;0;1;gymnastiek
13600;Gymzaal Winterboeidreef;1975;136861;458047;Winterboeidreef 8;3561hx;utrecht;utrecht;utrecht;1;1;0;0;0;0;0;0;0;1;korfbal
13600;Gymzaal Winterboeidreef;1975;136861;458047;Winterboeidreef 8;3561hx;utrecht;utrecht;utrecht;1;1;0;0;0;0;0;0;0;1;vechtsport
13600;Gymzaal Winterboeidreef;1975;136861;458047;Winterboeidreef 8;3561hx;utrecht;utrecht;utrecht;1;1;0;0;0;0;0;0;0;1;volleybal
13600;Gymzaal Winterboeidreef;1975;136861;458047;Winterboeidreef 8;3561hx;utrecht;utrecht;utrecht;1;1;0;0;0;0;0;0;0;1;zaalsport
13601;Gymzaal Goeree;1984;137757;452608;Goeree 4;3524zz;utrecht;utrecht;utrecht;2;2;0;0;0;0;0;0;0;2;basketbal
13601;Gymzaal Goeree;1984;137757;452608;Goeree 4;3524zz;utrecht;utrecht;utrecht;2;2;0;0;0;0;0;0;0;2;bewegingsonderwijs
13601;Gymzaal Goeree;1984;137757;452608;Goeree 4;3524zz;utrecht;utrecht;utrecht;2;2;0;0;0;0;0;0;0;2;floorball
13601;Gymzaal Goeree;1984;137757;452608;Goeree 4;3524zz;utrecht;utrecht;utrecht;2;2;0;0;0;0;0;0;0;2;gymnastiek
13601;Gymzaal Goeree;1984;137757;452608;Goeree 4;3524zz;utrecht;utrecht;utrecht;2;2;0;0;0;0;0;0;0;2;korfbal
13601;Gymzaal Goeree;1984;137757;452608;Goeree 4;3524zz;utrecht;utrecht;utrecht;2;2;0;0;0;0;0;0;0;2;vechtsport
13601;Gymzaal Goeree;1984;137757;452608;Goeree 4;3524zz;utrecht;utrecht;utrecht;2;2;0;0;0;0;0;0;0;2;volleybal
13601;Gymzaal Goeree;1984;137757;452608;Goeree 4;3524zz;utrecht;utrecht;utrecht;2;2;0;0;0;0;0;0;0;2;zaalsport
13602;Gymzaal Ridderlaan;1973;137264,333;453447,757;Ridderlaan 2;3523ht;utrecht;utrecht;utrecht;1;1;0;0;0;0;0;0;0;1;badminton
13602;Gymzaal Ridderlaan;1973;137264,333;453447,757;Ridderlaan 2;3523ht;utrecht;utrecht;utrecht;1;1;0;0;0;0;0;0;0;1;bewegingsonderwijs
13602;Gymzaal Ridderlaan;1973;137264,333;453447,757;Ridderlaan 2;3523ht;utrecht;utrecht;utrecht;1;1;0;0;0;0;0;0;0;1;gymnastiek
13602;Gymzaal Ridderlaan;1973;137264,333;453447,757;Ridderlaan 2;3523ht;utrecht;utrecht;utrecht;1;1;0;0;0;0;0;0;0;1;korfbal
13602;Gymzaal Ridderlaan;1973;137264,333;453447,757;Ridderlaan 2;3523ht;utrecht;utrecht;utrecht;1;1;0;0;0;0;0;0;0;1;volleybal
13602;Gymzaal Ridderlaan;1973;137264,333;453447,757;Ridderlaan 2;3523ht;utrecht;utrecht;utrecht;1;1;0;0;0;0;0;0;0;1;zaalsport
13603;OSG H. vd Vlist;2018;134662;453828;Churchilllaan 165;3527gx;utrecht;utrecht;utrecht;1;1;0;0;0;0;0;1;0;0;basketbal
13603;OSG H. vd Vlist;2018;134662;453828;Churchilllaan 165;3527gx;utrecht;utrecht;utrecht;1;1;0;0;0;0;0;1;0;0;korfbal
13603;OSG H. vd Vlist;2018;134662;453828;Churchilllaan 165;3527gx;utrecht;utrecht;utrecht;1;1;0;0;0;0;0;1;0;0;zaalsport
13604;de dreef;;136604;459249;schooneggendreef 27;3562gg;utrecht;utrecht;utrecht;1;1;0;0;0;0;0;0;1;0;korfbal
13604;de dreef;;136604;459249;schooneggendreef 27;3562gg;utrecht;utrecht;utrecht;1;1;0;0;0;0;0;0;1;0;zaalsport
13605;Gymzaal Lingestraat;1982;136486;453757;Lingestraat 2B;3522tm;utrecht;utrecht;utrecht;1;1;0;0;0;0;0;0;0;1;badminton
13605;Gymzaal Lingestraat;1982;136486;453757;Lingestraat 2B;3522tm;utrecht;utrecht;utrecht;1;1;0;0;0;0;0;0;0;1;basketbal
13605;Gymzaal Lingestraat;1982;136486;453757;Lingestraat 2B;3522tm;utrecht;utrecht;utrecht;1;1;0;0;0;0;0;0;0;1;bewegingsonderwijs
13605;Gymzaal Lingestraat;1982;136486;453757;Lingestraat 2B;3522tm;utrecht;utrecht;utrecht;1;1;0;0;0;0;0;0;0;1;gymnastiek
13605;Gymzaal Lingestraat;1982;136486;453757;Lingestraat 2B;3522tm;utrecht;utrecht;utrecht;1;1;0;0;0;0;0;0;0;1;korfbal
13605;Gymzaal Lingestraat;1982;136486;453757;Lingestraat 2B;3522tm;utrecht;utrecht;utrecht;1;1;0;0;0;0;0;0;0;1;vechtsport
13605;Gymzaal Lingestraat;1982;136486;453757;Lingestraat 2B;3522tm;utrecht;utrecht;utrecht;1;1;0;0;0;0;0;0;0;1;volleybal
13605;Gymzaal Lingestraat;1982;136486;453757;Lingestraat 2B;3522tm;utrecht;utrecht;utrecht;1;1;0;0;0;0;0;0;0;1;zaalsport
13819;gymzaal fockema andrealaan 9;;137804;454945;burgemeester fockema andreaelaan 9;3582ka;utrecht;utrecht;utrecht;1;1;0;0;0;0;0;0;0;1;badminton
13819;gymzaal fockema andrealaan 9;;137804;454945;burgemeester fockema andreaelaan 9;3582ka;utrecht;utrecht;utrecht;1;1;0;0;0;0;0;0;0;1;basketbal
13819;gymzaal fockema andrealaan 9;;137804;454945;burgemeester fockema andreaelaan 9;3582ka;utrecht;utrecht;utrecht;1;1;0;0;0;0;0;0;0;1;bewegingsonderwijs
13819;gymzaal fockema andrealaan 9;;137804;454945;burgemeester fockema andreaelaan 9;3582ka;utrecht;utrecht;utrecht;1;1;0;0;0;0;0;0;0;1;gymnastiek
13819;gymzaal fockema andrealaan 9;;137804;454945;burgemeester fockema andreaelaan 9;3582ka;utrecht;utrecht;utrecht;1;1;0;0;0;0;0;0;0;1;vechtsport
13819;gymzaal fockema andrealaan 9;;137804;454945;burgemeester fockema andreaelaan 9;3582ka;utrecht;utrecht;utrecht;1;1;0;0;0;0;0;0;0;1;volleybal
13819;gymzaal fockema andrealaan 9;;137804;454945;burgemeester fockema andreaelaan 9;3582ka;utrecht;utrecht;utrecht;1;1;0;0;0;0;0;0;0;1;zaalsport
13820;Prinses Margrietschool;;134750;458149;Prinses Margrietstraat 20;3554ge;utrecht;utrecht;utrecht;1;1;0;0;0;0;0;0;0;1;basketbal
13820;Prinses Margrietschool;;134750;458149;Prinses Margrietstraat 20;3554ge;utrecht;utrecht;utrecht;1;1;0;0;0;0;0;0;0;1;bewegingsonderwijs
13820;Prinses Margrietschool;;134750;458149;Prinses Margrietstraat 20;3554ge;utrecht;utrecht;utrecht;1;1;0;0;0;0;0;0;0;1;gymnastiek
13820;Prinses Margrietschool;;134750;458149;Prinses Margrietstraat 20;3554ge;utrecht;utrecht;utrecht;1;1;0;0;0;0;0;0;0;1;vechtsport
13820;Prinses Margrietschool;;134750;458149;Prinses Margrietstraat 20;3554ge;utrecht;utrecht;utrecht;1;1;0;0;0;0;0;0;0;1;zaalsport
13820;Prinses Margrietschool;;134750;458149;Prinses Margrietstraat 20;3554ge;utrecht;utrecht;utrecht;1;1;0;0;0;0;0;0;0;1;zaalvoetbal
13821;gymzaal maetsuykerstraat 2;1904;135011;455926;maetsuykerstraat 2;3531hs;utrecht;utrecht;utrecht;1;1;0;0;0;0;0;0;0;1;basketbal
13821;gymzaal maetsuykerstraat 2;1904;135011;455926;maetsuykerstraat 2;3531hs;utrecht;utrecht;utrecht;1;1;0;0;0;0;0;0;0;1;bewegingsonderwijs
13821;gymzaal maetsuykerstraat 2;1904;135011;455926;maetsuykerstraat 2;3531hs;utrecht;utrecht;utrecht;1;1;0;0;0;0;0;0;0;1;gymnastiek
13821;gymzaal maetsuykerstraat 2;1904;135011;455926;maetsuykerstraat 2;3531hs;utrecht;utrecht;utrecht;1;1;0;0;0;0;0;0;0;1;vechtsport
13821;gymzaal maetsuykerstraat 2;1904;135011;455926;maetsuykerstraat 2;3531hs;utrecht;utrecht;utrecht;1;1;0;0;0;0;0;0;0;1;volleybal
13821;gymzaal maetsuykerstraat 2;1904;135011;455926;maetsuykerstraat 2;3531hs;utrecht;utrecht;utrecht;1;1;0;0;0;0;0;0;0;1;zaalsport
13828;Gymzaal Emile Hullebroeckstraat;2008;131208;457116;Emile Hullebroeckstraat 64;3543bz;utrecht;utrecht;utrecht;2;2;0;0;0;0;0;0;0;2;badminton
13828;Gymzaal Emile Hullebroeckstraat;2008;131208;457116;Emile Hullebroeckstraat 64;3543bz;utrecht;utrecht;utrecht;2;2;0;0;0;0;0;0;0;2;basketbal
13828;Gymzaal Emile Hullebroeckstraat;2008;131208;457116;Emile Hullebroeckstraat 64;3543bz;utrecht;utrecht;utrecht;2;2;0;0;0;0;0;0;0;2;bewegingsonderwijs
13828;Gymzaal Emile Hullebroeckstraat;2008;131208;457116;Emile Hullebroeckstraat 64;3543bz;utrecht;utrecht;utrecht;2;2;0;0;0;0;0;0;0;2;gymnastiek
13828;Gymzaal Emile Hullebroeckstraat;2008;131208;457116;Emile Hullebroeckstraat 64;3543bz;utrecht;utrecht;utrecht;2;2;0;0;0;0;0;0;0;2;vechtsport
13828;Gymzaal Emile Hullebroeckstraat;2008;131208;457116;Emile Hullebroeckstraat 64;3543bz;utrecht;utrecht;utrecht;2;2;0;0;0;0;0;0;0;2;zaalsport
13829;Gymzaal Verlengde Houtrakgracht;2009;132124;455500;Verlengde Houtrakgracht 598;3544ea;utrecht;utrecht;utrecht;1;1;0;0;0;0;0;0;0;1;basketbal
13829;Gymzaal Verlengde Houtrakgracht;2009;132124;455500;Verlengde Houtrakgracht 598;3544ea;utrecht;utrecht;utrecht;1;1;0;0;0;0;0;0;0;1;bewegingsonderwijs
13829;Gymzaal Verlengde Houtrakgracht;2009;132124;455500;Verlengde Houtrakgracht 598;3544ea;utrecht;utrecht;utrecht;1;1;0;0;0;0;0;0;0;1;gymnastiek
13829;Gymzaal Verlengde Houtrakgracht;2009;132124;455500;Verlengde Houtrakgracht 598;3544ea;utrecht;utrecht;utrecht;1;1;0;0;0;0;0;0;0;1;vechtsport
13829;Gymzaal Verlengde Houtrakgracht;2009;132124;455500;Verlengde Houtrakgracht 598;3544ea;utrecht;utrecht;utrecht;1;1;0;0;0;0;0;0;0;1;zaalsport
13830;Gymzaal Nolenslaan;1950;136490;457218;Nolenslaan 33B;3515vb;utrecht;utrecht;utrecht;1;1;0;0;0;0;0;0;0;1;basketbal
13830;Gymzaal Nolenslaan;1950;136490;457218;Nolenslaan 33B;3515vb;utrecht;utrecht;utrecht;1;1;0;0;0;0;0;0;0;1;bewegingsonderwijs
13830;Gymzaal Nolenslaan;1950;136490;457218;Nolenslaan 33B;3515vb;utrecht;utrecht;utrecht;1;1;0;0;0;0;0;0;0;1;gymnastiek
13830;Gymzaal Nolenslaan;1950;136490;457218;Nolenslaan 33B;3515vb;utrecht;utrecht;utrecht;1;1;0;0;0;0;0;0;0;1;vechtsport
13830;Gymzaal Nolenslaan;1950;136490;457218;Nolenslaan 33B;3515vb;utrecht;utrecht;utrecht;1;1;0;0;0;0;0;0;0;1;volleybal
13830;Gymzaal Nolenslaan;1950;136490;457218;Nolenslaan 33B;3515vb;utrecht;utrecht;utrecht;1;1;0;0;0;0;0;0;0;1;zaalsport
13831;Gymzaal Wevelaan;;138073;457490;Wevelaan 2-4;3571xs;utrecht;utrecht;utrecht;1;1;0;0;0;0;0;0;0;1;badminton
13831;Gymzaal Wevelaan;;138073;457490;Wevelaan 2-4;3571xs;utrecht;utrecht;utrecht;1;1;0;0;0;0;0;0;0;1;basketbal
13831;Gymzaal Wevelaan;;138073;457490;Wevelaan 2-4;3571xs;utrecht;utrecht;utrecht;1;1;0;0;0;0;0;0;0;1;bewegingsonderwijs
13831;Gymzaal Wevelaan;;138073;457490;Wevelaan 2-4;3571xs;utrecht;utrecht;utrecht;1;1;0;0;0;0;0;0;0;1;gymnastiek
13831;Gymzaal Wevelaan;;138073;457490;Wevelaan 2-4;3571xs;utrecht;utrecht;utrecht;1;1;0;0;0;0;0;0;0;1;vechtsport
13831;Gymzaal Wevelaan;;138073;457490;Wevelaan 2-4;3571xs;utrecht;utrecht;utrecht;1;1;0;0;0;0;0;0;0;1;volleybal
13831;Gymzaal Wevelaan;;138073;457490;Wevelaan 2-4;3571xs;utrecht;utrecht;utrecht;1;1;0;0;0;0;0;0;0;1;zaalsport
13832;OBS Jules Verne;1987;135107;457333;Opzoomerstraat 1;3551bp;utrecht;utrecht;utrecht;1;1;0;0;0;0;0;0;0;1;badminton
13832;OBS Jules Verne;1987;135107;457333;Opzoomerstraat 1;3551bp;utrecht;utrecht;utrecht;1;1;0;0;0;0;0;0;0;1;basketbal
13832;OBS Jules Verne;1987;135107;457333;Opzoomerstraat 1;3551bp;utrecht;utrecht;utrecht;1;1;0;0;0;0;0;0;0;1;bewegingsonderwijs
13832;OBS Jules Verne;1987;135107;457333;Opzoomerstraat 1;3551bp;utrecht;utrecht;utrecht;1;1;0;0;0;0;0;0;0;1;gymnastiek
13832;OBS Jules Verne;1987;135107;457333;Opzoomerstraat 1;3551bp;utrecht;utrecht;utrecht;1;1;0;0;0;0;0;0;0;1;vechtsport
13832;OBS Jules Verne;1987;135107;457333;Opzoomerstraat 1;3551bp;utrecht;utrecht;utrecht;1;1;0;0;0;0;0;0;0;1;volleybal
13832;OBS Jules Verne;1987;135107;457333;Opzoomerstraat 1;3551bp;utrecht;utrecht;utrecht;1;1;0;0;0;0;0;0;0;1;zaalsport
13833;Lux;1973;134845;458268;Stauntonstraat 9;3554ez;utrecht;utrecht;utrecht;1;1;0;0;0;0;0;0;0;1;badminton
13833;Lux;1973;134845;458268;Stauntonstraat 9;3554ez;utrecht;utrecht;utrecht;1;1;0;0;0;0;0;0;0;1;basketbal
13833;Lux;1973;134845;458268;Stauntonstraat 9;3554ez;utrecht;utrecht;utrecht;1;1;0;0;0;0;0;0;0;1;bewegingsonderwijs
13833;Lux;1973;134845;458268;Stauntonstraat 9;3554ez;utrecht;utrecht;utrecht;1;1;0;0;0;0;0;0;0;1;gymnastiek
13833;Lux;1973;134845;458268;Stauntonstraat 9;3554ez;utrecht;utrecht;utrecht;1;1;0;0;0;0;0;0;0;1;vechtsport
13833;Lux;1973;134845;458268;Stauntonstraat 9;3554ez;utrecht;utrecht;utrecht;1;1;0;0;0;0;0;0;0;1;volleybal
13833;Lux;1973;134845;458268;Stauntonstraat 9;3554ez;utrecht;utrecht;utrecht;1;1;0;0;0;0;0;0;0;1;zaalsport
13834;Gymzaal Sint-Willibrordusstraat;1984;134446;457970;Sint-Willibrordusstraat 45;3553sl;utrecht;utrecht;utrecht;1;1;0;0;0;0;0;0;0;1;basketbal
13834;Gymzaal Sint-Willibrordusstraat;1984;134446;457970;Sint-Willibrordusstraat 45;3553sl;utrecht;utrecht;utrecht;1;1;0;0;0;0;0;0;0;1;bewegingsonderwijs
13834;Gymzaal Sint-Willibrordusstraat;1984;134446;457970;Sint-Willibrordusstraat 45;3553sl;utrecht;utrecht;utrecht;1;1;0;0;0;0;0;0;0;1;gymnastiek
13834;Gymzaal Sint-Willibrordusstraat;1984;134446;457970;Sint-Willibrordusstraat 45;3553sl;utrecht;utrecht;utrecht;1;1;0;0;0;0;0;0;0;1;volleybal
13834;Gymzaal Sint-Willibrordusstraat;1984;134446;457970;Sint-Willibrordusstraat 45;3553sl;utrecht;utrecht;utrecht;1;1;0;0;0;0;0;0;0;1;zaalsport
13835;Gymzaal Bangkokdreef;1982;135660;459499;Bangkokdreef 2;3564sc;utrecht;utrecht;utrecht;1;1;0;0;0;0;0;0;0;1;basketbal
13835;Gymzaal Bangkokdreef;1982;135660;459499;Bangkokdreef 2;3564sc;utrecht;utrecht;utrecht;1;1;0;0;0;0;0;0;0;1;bewegingsonderwijs
13835;Gymzaal Bangkokdreef;1982;135660;459499;Bangkokdreef 2;3564sc;utrecht;utrecht;utrecht;1;1;0;0;0;0;0;0;0;1;gymnastiek
13835;Gymzaal Bangkokdreef;1982;135660;459499;Bangkokdreef 2;3564sc;utrecht;utrecht;utrecht;1;1;0;0;0;0;0;0;0;1;vechtsport
13835;Gymzaal Bangkokdreef;1982;135660;459499;Bangkokdreef 2;3564sc;utrecht;utrecht;utrecht;1;1;0;0;0;0;0;0;0;1;volleybal
13835;Gymzaal Bangkokdreef;1982;135660;459499;Bangkokdreef 2;3564sc;utrecht;utrecht;utrecht;1;1;0;0;0;0;0;0;0;1;zaalsport
13836;Gymnastieklokaal Grote-Trekdreef;1967;136142;459146;Grote-Trekdreef 3;3564bk;utrecht;utrecht;utrecht;1;1;0;0;0;0;0;0;0;1;basketbal
13836;Gymnastieklokaal Grote-Trekdreef;1967;136142;459146;Grote-Trekdreef 3;3564bk;utrecht;utrecht;utrecht;1;1;0;0;0;0;0;0;0;1;bewegingsonderwijs
13836;Gymnastieklokaal Grote-Trekdreef;1967;136142;459146;Grote-Trekdreef 3;3564bk;utrecht;utrecht;utrecht;1;1;0;0;0;0;0;0;0;1;gymnastiek
13836;Gymnastieklokaal Grote-Trekdreef;1967;136142;459146;Grote-Trekdreef 3;3564bk;utrecht;utrecht;utrecht;1;1;0;0;0;0;0;0;0;1;vechtsport
13836;Gymnastieklokaal Grote-Trekdreef;1967;136142;459146;Grote-Trekdreef 3;3564bk;utrecht;utrecht;utrecht;1;1;0;0;0;0;0;0;0;1;volleybal
13836;Gymnastieklokaal Grote-Trekdreef;1967;136142;459146;Grote-Trekdreef 3;3564bk;utrecht;utrecht;utrecht;1;1;0;0;0;0;0;0;0;1;zaalsport
13837;Gymzaal Cremerstraat;1966;134611;456524;Cremerstraat 378;3532bs;utrecht;utrecht;utrecht;1;1;0;0;0;0;0;0;0;1;basketbal
13837;Gymzaal Cremerstraat;1966;134611;456524;Cremerstraat 378;3532bs;utrecht;utrecht;utrecht;1;1;0;0;0;0;0;0;0;1;bewegingsonderwijs
13837;Gymzaal Cremerstraat;1966;134611;456524;Cremerstraat 378;3532bs;utrecht;utrecht;utrecht;1;1;0;0;0;0;0;0;0;1;gymnastiek
13837;Gymzaal Cremerstraat;1966;134611;456524;Cremerstraat 378;3532bs;utrecht;utrecht;utrecht;1;1;0;0;0;0;0;0;0;1;vechtsport
13837;Gymzaal Cremerstraat;1966;134611;456524;Cremerstraat 378;3532bs;utrecht;utrecht;utrecht;1;1;0;0;0;0;0;0;0;1;volleybal
13837;Gymzaal Cremerstraat;1966;134611;456524;Cremerstraat 378;3532bs;utrecht;utrecht;utrecht;1;1;0;0;0;0;0;0;0;1;zaalsport
13837;Gymzaal Cremerstraat;1966;134611;456524;Cremerstraat 378;3532bs;utrecht;utrecht;utrecht;1;1;0;0;0;0;0;0;0;1;zaalvoetbal
13838;Gymzaal Johan Wagenaarkade;;133979;455506;Johan Wagenaarkade 45A;3533bz;utrecht;utrecht;utrecht;1;1;0;0;0;0;0;0;0;1;badminton
13838;Gymzaal Johan Wagenaarkade;;133979;455506;Johan Wagenaarkade 45A;3533bz;utrecht;utrecht;utrecht;1;1;0;0;0;0;0;0;0;1;basketbal
13838;Gymzaal Johan Wagenaarkade;;133979;455506;Johan Wagenaarkade 45A;3533bz;utrecht;utrecht;utrecht;1;1;0;0;0;0;0;0;0;1;bewegingsonderwijs
13838;Gymzaal Johan Wagenaarkade;;133979;455506;Johan Wagenaarkade 45A;3533bz;utrecht;utrecht;utrecht;1;1;0;0;0;0;0;0;0;1;gymnastiek
13838;Gymzaal Johan Wagenaarkade;;133979;455506;Johan Wagenaarkade 45A;3533bz;utrecht;utrecht;utrecht;1;1;0;0;0;0;0;0;0;1;vechtsport
13838;Gymzaal Johan Wagenaarkade;;133979;455506;Johan Wagenaarkade 45A;3533bz;utrecht;utrecht;utrecht;1;1;0;0;0;0;0;0;0;1;volleybal
13838;Gymzaal Johan Wagenaarkade;;133979;455506;Johan Wagenaarkade 45A;3533bz;utrecht;utrecht;utrecht;1;1;0;0;0;0;0;0;0;1;zaalsport
13839;van bijnkershoeklaan;1973;135144;454717;van bijnkershoeklaan 6;3527xl;utrecht;utrecht;utrecht;1;1;0;0;0;0;0;0;0;1;basketbal
13839;van bijnkershoeklaan;1973;135144;454717;van bijnkershoeklaan 6;3527xl;utrecht;utrecht;utrecht;1;1;0;0;0;0;0;0;0;1;bewegingsonderwijs
13839;van bijnkershoeklaan;1973;135144;454717;van bijnkershoeklaan 6;3527xl;utrecht;utrecht;utrecht;1;1;0;0;0;0;0;0;0;1;vechtsport
13839;van bijnkershoeklaan;1973;135144;454717;van bijnkershoeklaan 6;3527xl;utrecht;utrecht;utrecht;1;1;0;0;0;0;0;0;0;1;volleybal
13839;van bijnkershoeklaan;1973;135144;454717;van bijnkershoeklaan 6;3527xl;utrecht;utrecht;utrecht;1;1;0;0;0;0;0;0;0;1;zaalsport
13840;Gymzaal Marco Pololaan;1973;135267;453087;Marco Pololaan 487;3526gh;utrecht;utrecht;utrecht;1;1;0;0;0;0;0;0;0;1;basketbal
13840;Gymzaal Marco Pololaan;1973;135267;453087;Marco Pololaan 487;3526gh;utrecht;utrecht;utrecht;1;1;0;0;0;0;0;0;0;1;bewegingsonderwijs
13840;Gymzaal Marco Pololaan;1973;135267;453087;Marco Pololaan 487;3526gh;utrecht;utrecht;utrecht;1;1;0;0;0;0;0;0;0;1;vechtsport
13840;Gymzaal Marco Pololaan;1973;135267;453087;Marco Pololaan 487;3526gh;utrecht;utrecht;utrecht;1;1;0;0;0;0;0;0;0;1;volleybal
13840;Gymzaal Marco Pololaan;1973;135267;453087;Marco Pololaan 487;3526gh;utrecht;utrecht;utrecht;1;1;0;0;0;0;0;0;0;1;zaalsport
13841;Gymzaal Marco Pololaan;1965;135335;453050;Marco Pololaan 523;3526gh;utrecht;utrecht;utrecht;1;1;0;0;0;0;0;0;0;1;badminton
13841;Gymzaal Marco Pololaan;1965;135335;453050;Marco Pololaan 523;3526gh;utrecht;utrecht;utrecht;1;1;0;0;0;0;0;0;0;1;basketbal
13841;Gymzaal Marco Pololaan;1965;135335;453050;Marco Pololaan 523;3526gh;utrecht;utrecht;utrecht;1;1;0;0;0;0;0;0;0;1;bewegingsonderwijs
13841;Gymzaal Marco Pololaan;1965;135335;453050;Marco Pololaan 523;3526gh;utrecht;utrecht;utrecht;1;1;0;0;0;0;0;0;0;1;gymnastiek
13841;Gymzaal Marco Pololaan;1965;135335;453050;Marco Pololaan 523;3526gh;utrecht;utrecht;utrecht;1;1;0;0;0;0;0;0;0;1;vechtsport
13841;Gymzaal Marco Pololaan;1965;135335;453050;Marco Pololaan 523;3526gh;utrecht;utrecht;utrecht;1;1;0;0;0;0;0;0;0;1;volleybal
13841;Gymzaal Marco Pololaan;1965;135335;453050;Marco Pololaan 523;3526gh;utrecht;utrecht;utrecht;1;1;0;0;0;0;0;0;0;1;zaalsport
13841;Gymzaal Marco Pololaan;1965;135335;453050;Marco Pololaan 523;3526gh;utrecht;utrecht;utrecht;1;1;0;0;0;0;0;0;0;1;zaalvoetbal
13843;De Pionier;1961;135216;454605;Grebbeberglaan 15;3527vx;utrecht;utrecht;utrecht;1;1;0;0;0;0;0;0;0;1;basketbal
13843;De Pionier;1961;135216;454605;Grebbeberglaan 15;3527vx;utrecht;utrecht;utrecht;1;1;0;0;0;0;0;0;0;1;bewegingsonderwijs
13843;De Pionier;1961;135216;454605;Grebbeberglaan 15;3527vx;utrecht;utrecht;utrecht;1;1;0;0;0;0;0;0;0;1;gymnastiek
13843;De Pionier;1961;135216;454605;Grebbeberglaan 15;3527vx;utrecht;utrecht;utrecht;1;1;0;0;0;0;0;0;0;1;volleybal
13843;De Pionier;1961;135216;454605;Grebbeberglaan 15;3527vx;utrecht;utrecht;utrecht;1;1;0;0;0;0;0;0;0;1;zaalsport
13844;het zand;2005;131689;456385;pauwoogvlinder 18;3544db;utrecht;utrecht;utrecht;1;1;0;0;0;0;0;0;1;0;basketbal
13844;het zand;2005;131689;456385;pauwoogvlinder 18;3544db;utrecht;utrecht;utrecht;1;1;0;0;0;0;0;0;1;0;zaalsport
14044;smith & jones;;136484;455791;mariaplaats 13;3511lj;utrecht;utrecht;utrecht;1;1;0;0;0;0;0;0;0;0;biljart
14045;het hart van utrecht;1900;136648;456042;ganzenmarkt 16b;3512gd;utrecht;utrecht;utrecht;1;1;0;0;0;0;0;0;0;0;biljart
14046;le pacha;1904;136307;456717;bemuurde weerd o.z. 39;3514ar;utrecht;utrecht;utrecht;1;1;0;0;0;0;0;0;0;0;biljart
14047;shouf shouf;1951;134285;456418;thomas à kempisplantsoen 7;3532ag;utrecht;utrecht;utrecht;1;1;0;0;0;0;0;0;0;0;biljart
14048;ozebi;;137167;456406;biltstraat 4;3572ba;utrecht;utrecht;utrecht;1;1;0;0;0;0;0;0;0;0;biljart
14625;onbekend;;130458;458789;marga klomp├®singel;-;utrecht;utrecht;utrecht;1;0;1;0;0;0;0;0;0;0;zwemmen in open water
14626;onbekend;;138920;457289;biltse rading en n225;-;utrecht;utrecht;utrecht;1;0;1;0;0;0;0;0;0;0;zwemmen in open water
14909;hollandia roeiclub;1955;134036;455244;evert cornelislaan 15;3533sp;utrecht;utrecht;utrecht;1;0;1;0;0;0;0;0;0;0;roeien
14913;de driewerf;1900;136172;452446;verlengde hoogravenseweg 13;3525bb;utrecht;utrecht;utrecht;1;0;1;0;0;0;0;0;0;0;roeien
14965;snowsportcenterutrecht;;132059;458915;fermiweg 91;3542cb;utrecht;utrecht;utrecht;1;1;0;0;0;0;0;0;0;0;skieen
15002;nieuw galgenwaard;1983;138486;454560;herculesplein 241;3584aa;utrecht;utrecht;utrecht;1;0;1;0;0;0;0;0;0;0;betaald voetbal
15097;klim- en bouldercentrum utrecht;1990;134293;457432;vlampijpstraat 79;3534ar;utrecht;utrecht;utrecht;1;1;0;0;0;0;0;0;0;0;klimsport
15098;Boulderhal Sterk;1975;135900;454170;Koningin Wilhelminalaan 4;3527LD;utrecht;utrecht;utrecht;1;1;0;0;0;0;0;0;0;0;boulderen
15273;gymzaal duurstedelaan b;;136728;452932;duurstedelaan 14b;3525ar;utrecht;utrecht;utrecht;2;2;0;0;0;0;0;0;0;2;volleybal
15273;gymzaal duurstedelaan b;;136728;452932;duurstedelaan 14b;3525ar;utrecht;utrecht;utrecht;2;2;0;0;0;0;0;0;0;2;zaalsport
15279;Gymzaal Pieterskerkhof;1896;137046;455912;Pieterskerkhof 10;3512jr;utrecht;utrecht;utrecht;1;1;0;0;0;0;0;0;0;1;badminton
15279;Gymzaal Pieterskerkhof;1896;137046;455912;Pieterskerkhof 10;3512jr;utrecht;utrecht;utrecht;1;1;0;0;0;0;0;0;0;1;bewegingsonderwijs
15279;Gymzaal Pieterskerkhof;1896;137046;455912;Pieterskerkhof 10;3512jr;utrecht;utrecht;utrecht;1;1;0;0;0;0;0;0;0;1;gymnastiek
15279;Gymzaal Pieterskerkhof;1896;137046;455912;Pieterskerkhof 10;3512jr;utrecht;utrecht;utrecht;1;1;0;0;0;0;0;0;0;1;vechtsport
15279;Gymzaal Pieterskerkhof;1896;137046;455912;Pieterskerkhof 10;3512jr;utrecht;utrecht;utrecht;1;1;0;0;0;0;0;0;0;1;volleybal
15279;Gymzaal Pieterskerkhof;1896;137046;455912;Pieterskerkhof 10;3512jr;utrecht;utrecht;utrecht;1;1;0;0;0;0;0;0;0;1;zaalsport
15280;Gymzaal Maria van Reedestraat;1984;136755;457288;Maria van Reedestraat 4;3515xj;utrecht;utrecht;utrecht;1;1;0;0;0;0;0;0;0;1;badminton
15280;Gymzaal Maria van Reedestraat;1984;136755;457288;Maria van Reedestraat 4;3515xj;utrecht;utrecht;utrecht;1;1;0;0;0;0;0;0;0;1;bewegingsonderwijs
15280;Gymzaal Maria van Reedestraat;1984;136755;457288;Maria van Reedestraat 4;3515xj;utrecht;utrecht;utrecht;1;1;0;0;0;0;0;0;0;1;gymnastiek
15280;Gymzaal Maria van Reedestraat;1984;136755;457288;Maria van Reedestraat 4;3515xj;utrecht;utrecht;utrecht;1;1;0;0;0;0;0;0;0;1;vechtsport
15280;Gymzaal Maria van Reedestraat;1984;136755;457288;Maria van Reedestraat 4;3515xj;utrecht;utrecht;utrecht;1;1;0;0;0;0;0;0;0;1;volleybal
15280;Gymzaal Maria van Reedestraat;1984;136755;457288;Maria van Reedestraat 4;3515xj;utrecht;utrecht;utrecht;1;1;0;0;0;0;0;0;0;1;zaalsport
15281;Jenaplanschool Wittevrouwen;1985;137650;456457;Oude Kerkstraat 2A;3572tj;utrecht;utrecht;utrecht;1;1;0;0;0;0;0;0;0;1;badminton
15281;Jenaplanschool Wittevrouwen;1985;137650;456457;Oude Kerkstraat 2A;3572tj;utrecht;utrecht;utrecht;1;1;0;0;0;0;0;0;0;1;bewegingsonderwijs
15281;Jenaplanschool Wittevrouwen;1985;137650;456457;Oude Kerkstraat 2A;3572tj;utrecht;utrecht;utrecht;1;1;0;0;0;0;0;0;0;1;gymnastiek
15281;Jenaplanschool Wittevrouwen;1985;137650;456457;Oude Kerkstraat 2A;3572tj;utrecht;utrecht;utrecht;1;1;0;0;0;0;0;0;0;1;vechtsport
15281;Jenaplanschool Wittevrouwen;1985;137650;456457;Oude Kerkstraat 2A;3572tj;utrecht;utrecht;utrecht;1;1;0;0;0;0;0;0;0;1;volleybal
15281;Jenaplanschool Wittevrouwen;1985;137650;456457;Oude Kerkstraat 2A;3572tj;utrecht;utrecht;utrecht;1;1;0;0;0;0;0;0;0;1;zaalsport
15282;KBS De Pijlstaart;1988;135962;456433;Amsterdamsestraatweg 1;3513aa;utrecht;utrecht;utrecht;1;1;0;0;0;0;0;0;0;1;badminton
15282;KBS De Pijlstaart;1988;135962;456433;Amsterdamsestraatweg 1;3513aa;utrecht;utrecht;utrecht;1;1;0;0;0;0;0;0;0;1;bewegingsonderwijs
15282;KBS De Pijlstaart;1988;135962;456433;Amsterdamsestraatweg 1;3513aa;utrecht;utrecht;utrecht;1;1;0;0;0;0;0;0;0;1;gymnastiek
15282;KBS De Pijlstaart;1988;135962;456433;Amsterdamsestraatweg 1;3513aa;utrecht;utrecht;utrecht;1;1;0;0;0;0;0;0;0;1;turnen
15282;KBS De Pijlstaart;1988;135962;456433;Amsterdamsestraatweg 1;3513aa;utrecht;utrecht;utrecht;1;1;0;0;0;0;0;0;0;1;vechtsport
15282;KBS De Pijlstaart;1988;135962;456433;Amsterdamsestraatweg 1;3513aa;utrecht;utrecht;utrecht;1;1;0;0;0;0;0;0;0;1;volleybal
15282;KBS De Pijlstaart;1988;135962;456433;Amsterdamsestraatweg 1;3513aa;utrecht;utrecht;utrecht;1;1;0;0;0;0;0;0;0;1;zaalsport
15283;prof. bavinckstraat;;133547;459108;prof. h. bavinckstraat 5;3555gs;utrecht;utrecht;utrecht;1;1;0;0;0;0;0;0;0;1;bewegingsonderwijs
15283;prof. bavinckstraat;;133547;459108;prof. h. bavinckstraat 5;3555gs;utrecht;utrecht;utrecht;1;1;0;0;0;0;0;0;0;1;gymnastiek
15283;prof. bavinckstraat;;133547;459108;prof. h. bavinckstraat 5;3555gs;utrecht;utrecht;utrecht;1;1;0;0;0;0;0;0;0;1;volleybal
15283;prof. bavinckstraat;;133547;459108;prof. h. bavinckstraat 5;3555gs;utrecht;utrecht;utrecht;1;1;0;0;0;0;0;0;0;1;zaalsport
15284;Gymzaal Deken Roesstraat;;137583;456325;Deken Roesstraat 2G;3581rx;utrecht;utrecht;utrecht;1;1;0;0;0;0;0;0;0;1;badminton
15284;Gymzaal Deken Roesstraat;;137583;456325;Deken Roesstraat 2G;3581rx;utrecht;utrecht;utrecht;1;1;0;0;0;0;0;0;0;1;bewegingsonderwijs
15284;Gymzaal Deken Roesstraat;;137583;456325;Deken Roesstraat 2G;3581rx;utrecht;utrecht;utrecht;1;1;0;0;0;0;0;0;0;1;floorball
15284;Gymzaal Deken Roesstraat;;137583;456325;Deken Roesstraat 2G;3581rx;utrecht;utrecht;utrecht;1;1;0;0;0;0;0;0;0;1;gymnastiek
15284;Gymzaal Deken Roesstraat;;137583;456325;Deken Roesstraat 2G;3581rx;utrecht;utrecht;utrecht;1;1;0;0;0;0;0;0;0;1;vechtsport
15284;Gymzaal Deken Roesstraat;;137583;456325;Deken Roesstraat 2G;3581rx;utrecht;utrecht;utrecht;1;1;0;0;0;0;0;0;0;1;volleybal
15284;Gymzaal Deken Roesstraat;;137583;456325;Deken Roesstraat 2G;3581rx;utrecht;utrecht;utrecht;1;1;0;0;0;0;0;0;0;1;zaalsport
15285;Montessorischool Buiten Wittevrouwen;1958;137371;455939;Schoolplein 6;3581px;utrecht;utrecht;utrecht;1;1;0;0;0;0;0;0;0;1;badminton
15285;Montessorischool Buiten Wittevrouwen;1958;137371;455939;Schoolplein 6;3581px;utrecht;utrecht;utrecht;1;1;0;0;0;0;0;0;0;1;bewegingsonderwijs
15285;Montessorischool Buiten Wittevrouwen;1958;137371;455939;Schoolplein 6;3581px;utrecht;utrecht;utrecht;1;1;0;0;0;0;0;0;0;1;gymnastiek
15285;Montessorischool Buiten Wittevrouwen;1958;137371;455939;Schoolplein 6;3581px;utrecht;utrecht;utrecht;1;1;0;0;0;0;0;0;0;1;vechtsport
15285;Montessorischool Buiten Wittevrouwen;1958;137371;455939;Schoolplein 6;3581px;utrecht;utrecht;utrecht;1;1;0;0;0;0;0;0;0;1;volleybal
15285;Montessorischool Buiten Wittevrouwen;1958;137371;455939;Schoolplein 6;3581px;utrecht;utrecht;utrecht;1;1;0;0;0;0;0;0;0;1;zaalsport
15286;Gymzaal Teun de Jagerdreef;;136636;457970;Teun de Jagerdreef 3;3561jk;utrecht;utrecht;utrecht;2;2;0;0;0;0;0;0;0;2;badminton
15286;Gymzaal Teun de Jagerdreef;;136636;457970;Teun de Jagerdreef 3;3561jk;utrecht;utrecht;utrecht;2;2;0;0;0;0;0;0;0;2;bewegingsonderwijs
15286;Gymzaal Teun de Jagerdreef;;136636;457970;Teun de Jagerdreef 3;3561jk;utrecht;utrecht;utrecht;2;2;0;0;0;0;0;0;0;2;gymnastiek
15286;Gymzaal Teun de Jagerdreef;;136636;457970;Teun de Jagerdreef 3;3561jk;utrecht;utrecht;utrecht;2;2;0;0;0;0;0;0;0;2;vechtsport
15286;Gymzaal Teun de Jagerdreef;;136636;457970;Teun de Jagerdreef 3;3561jk;utrecht;utrecht;utrecht;2;2;0;0;0;0;0;0;0;2;volleybal
15286;Gymzaal Teun de Jagerdreef;;136636;457970;Teun de Jagerdreef 3;3561jk;utrecht;utrecht;utrecht;2;2;0;0;0;0;0;0;0;2;zaalsport
15287;Gymzaal Franz Schubertstraat;1932;134442;455244;Franz Schubertstraat 20;3533gw;utrecht;utrecht;utrecht;1;1;0;0;0;0;0;0;0;1;badminton
15287;Gymzaal Franz Schubertstraat;1932;134442;455244;Franz Schubertstraat 20;3533gw;utrecht;utrecht;utrecht;1;1;0;0;0;0;0;0;0;1;bewegingsonderwijs
15287;Gymzaal Franz Schubertstraat;1932;134442;455244;Franz Schubertstraat 20;3533gw;utrecht;utrecht;utrecht;1;1;0;0;0;0;0;0;0;1;floorball
15287;Gymzaal Franz Schubertstraat;1932;134442;455244;Franz Schubertstraat 20;3533gw;utrecht;utrecht;utrecht;1;1;0;0;0;0;0;0;0;1;gymnastiek
15287;Gymzaal Franz Schubertstraat;1932;134442;455244;Franz Schubertstraat 20;3533gw;utrecht;utrecht;utrecht;1;1;0;0;0;0;0;0;0;1;vechtsport
15287;Gymzaal Franz Schubertstraat;1932;134442;455244;Franz Schubertstraat 20;3533gw;utrecht;utrecht;utrecht;1;1;0;0;0;0;0;0;0;1;volleybal
15287;Gymzaal Franz Schubertstraat;1932;134442;455244;Franz Schubertstraat 20;3533gw;utrecht;utrecht;utrecht;1;1;0;0;0;0;0;0;0;1;zaalsport
15391;herculeshal;1991;138617;457713;Voorveldselaan 2;3573pv;utrecht;utrecht;utrecht;2;2;0;0;0;0;0;0;2;0;badminton
15391;herculeshal;1991;138617;457713;Voorveldselaan 2;3573pv;utrecht;utrecht;utrecht;3;3;0;0;0;0;0;0;3;0;zaalsport
15395;voorn;2001;132980;455233;akkrumerraklaan 131;3544tt;utrecht;utrecht;utrecht;1;1;0;0;0;0;0;0;1;0;badminton
15395;voorn;2001;132980;455233;akkrumerraklaan 131;3544tt;utrecht;utrecht;utrecht;1;1;0;0;0;0;0;0;1;0;zaalsport
15452;Gymzaal M. van Meelstraat;;133950;458463;M. van Meelstraat 1A;3555vv;utrecht;utrecht;utrecht;1;1;0;0;0;0;0;0;0;1;bewegingsonderwijs
15452;Gymzaal M. van Meelstraat;;133950;458463;M. van Meelstraat 1A;3555vv;utrecht;utrecht;utrecht;1;1;0;0;0;0;0;0;0;1;gymnastiek
15452;Gymzaal M. van Meelstraat;;133950;458463;M. van Meelstraat 1A;3555vv;utrecht;utrecht;utrecht;1;1;0;0;0;0;0;0;0;1;zaalsport
15456;gymzaal weerdsingel westzijde 22;;136585;456538;weerdsingel o.z. 22;3514aa;utrecht;utrecht;utrecht;1;1;0;0;0;0;0;0;0;1;bewegingsonderwijs
15456;gymzaal weerdsingel westzijde 22;;136585;456538;weerdsingel o.z. 22;3514aa;utrecht;utrecht;utrecht;1;1;0;0;0;0;0;0;0;1;gymnastiek
15456;gymzaal weerdsingel westzijde 22;;136585;456538;weerdsingel o.z. 22;3514aa;utrecht;utrecht;utrecht;1;1;0;0;0;0;0;0;0;1;vechtsport
15456;gymzaal weerdsingel westzijde 22;;136585;456538;weerdsingel o.z. 22;3514aa;utrecht;utrecht;utrecht;1;1;0;0;0;0;0;0;0;1;zaalsport
15457;OBO de Klopvaart;;135410;459777;Eufraatdreef 1;3564xz;utrecht;utrecht;utrecht;1;1;0;0;0;0;0;0;0;1;bewegingsonderwijs
15457;OBO de Klopvaart;;135410;459777;Eufraatdreef 1;3564xz;utrecht;utrecht;utrecht;1;1;0;0;0;0;0;0;0;1;gymnastiek
15457;OBO de Klopvaart;;135410;459777;Eufraatdreef 1;3564xz;utrecht;utrecht;utrecht;1;1;0;0;0;0;0;0;0;1;vechtsport
15457;OBO de Klopvaart;;135410;459777;Eufraatdreef 1;3564xz;utrecht;utrecht;utrecht;1;1;0;0;0;0;0;0;0;1;zaalsport
15520;de fabrique;1955;131815;460132;westkanaaldijk 7;3542da;utrecht;utrecht;utrecht;1;1;0;0;0;0;0;0;0;0;karten
15795;park de gagel;;135633;459574;gangesdreef;3564sn;utrecht;utrecht;utrecht;1;0;1;0;0;0;0;0;0;0;buitenspelen
15796;marco pololaan;1964;135026;453457;marco pololaan 115;3526gb;utrecht;utrecht;utrecht;1;0;1;0;0;0;0;0;0;0;buitenspelen
15797;abstederdijk;1985;137292;454934;abstederdijk 91;3582bc;utrecht;utrecht;utrecht;1;0;1;0;0;0;0;0;0;0;buitenspelen
15798;de bloesem;2010;137582;455583;bloesemstraat 25a;3581xa;utrecht;utrecht;utrecht;1;0;1;0;0;0;0;0;0;0;buitenspelen
15799;park de watertoren;1984;136500;458373;normadreef 20;3561lz;utrecht;utrecht;utrecht;1;0;1;0;0;0;0;0;0;0;buitenspelen
15800;maasplein;1919;136332;453794;maasstraat 60;3522tk;utrecht;utrecht;utrecht;1;0;1;0;0;0;0;0;0;0;buitenspelen
15801;Van Peltplantsoen;2006;134712;454291;Trumanlaan 60;3527br;utrecht;utrecht;utrecht;1;1;0;0;0;0;0;0;1;0;buitenspelen
15801;Van Peltplantsoen;2006;134712;454291;Trumanlaan 60;3527br;utrecht;utrecht;utrecht;1;1;0;0;0;0;0;0;1;0;zaalsport
15802;onbekend;;133886;458538;plesmanlaan 1;3555ap;utrecht;utrecht;utrecht;1;0;1;0;0;0;0;0;0;0;buitenspelen
15807;fc utrecht veld;;136681;452513;kastelenplantsoen;3525er;utrecht;utrecht;utrecht;1;0;1;0;0;0;0;0;0;0;buitenspelen
15808;kanaleneiland;;134552;454272;peltlaan;3527eb;utrecht;utrecht;utrecht;1;0;1;0;0;0;0;0;0;0;buitenspelen
15809;marco poloplantsoen;;135134;453456;marco pololaan;3526ge;utrecht;utrecht;utrecht;1;0;1;0;0;0;0;0;0;0;buitenspelen
15810;overvecht;;136462;458430;marnedreef;3561kc;utrecht;utrecht;utrecht;1;0;1;0;0;0;0;0;0;0;buitenspelen
15811;wesley sneijder veld;;135170;457512;thorbeckelaan;3552cs;utrecht;utrecht;utrecht;1;0;1;0;0;0;0;0;0;0;buitenspelen
15867;Prinses Amaliapark;2006;132469;455992;Monarchvlinderlaan 70;3544da;utrecht;utrecht;utrecht;2;0;2;0;0;0;0;0;0;0;atletiek
15868;Overvecht;1985;134374;459327;Franciscusdreef 4;3565ab;utrecht;utrecht;utrecht;1;0;1;0;0;0;0;0;0;0;atletiek
16106;crossbaan utrecht lage weide;;133139;458403;isotopenweg 27;3542as;utrecht;utrecht;utrecht;1;0;1;0;0;0;0;0;0;0;motorsport
16230;LEF Montessori Kind Centrum;;136215;459556;Ramsesdreef 190;3564ct;utrecht;utrecht;utrecht;1;1;0;0;0;0;0;0;0;1;bewegingsonderwijs
16230;LEF Montessori Kind Centrum;;136215;459556;Ramsesdreef 190;3564ct;utrecht;utrecht;utrecht;1;1;0;0;0;0;0;0;0;1;zaalsport
16859;achmea health & spa center utrecht;2011;132040;457607;middenwetering 21;3543ar;utrecht;utrecht;utrecht;1;1;0;0;0;0;0;0;0;0;fitness
16861;fit for free 52 bv utrecht 3;2013;136074;456788;westerdijk 2a;3513ew;utrecht;utrecht;utrecht;1;1;0;0;0;0;0;0;0;0;fitness
16862;fit for free utrecht (centrum);2009;135266,69;454647,138;grebbeberglaan 9;3527vx;utrecht;utrecht;utrecht;1;1;0;0;0;0;0;0;0;0;fitness
16863;fit for free utrecht 24;2008;136590;459234;schooneggendreef 27l;3562gg;utrecht;utrecht;utrecht;1;1;0;0;0;0;0;0;0;0;fitness
16866;trainmore utrecht bv;1904;136914;456163;drift 9;3512br;utrecht;utrecht;utrecht;1;1;0;0;0;0;0;0;0;0;fitness
16867;bodyconditioning utrecht;2002;135353;459552;ammandreef 1;3564gt;utrecht;utrecht;utrecht;1;1;0;0;0;0;0;0;0;0;fitness
16879;de workout;1450;136435;456351;oudegracht 41;3511ac;utrecht;utrecht;utrecht;1;1;0;0;0;0;0;0;0;0;fitness
16880;de workout club;1959;136704;456382;breedstraat 128;3512tx;utrecht;utrecht;utrecht;1;1;0;0;0;0;0;0;0;0;fitness
16881;newstyle oudegracht bv;;136828;455517;oudegracht aan de werf 252;3511nv;utrecht;utrecht;utrecht;1;1;0;0;0;0;0;0;0;0;fitness
16882;newstyle croeselaan bv;1964;136128;455085;van der goesstraat 52;3521tm;utrecht;utrecht;utrecht;1;1;0;0;0;0;0;0;0;0;fitness
16883;newstyle hoograven bv;1931;136653;453573;hoogravenseweg 28;3523tl;utrecht;utrecht;utrecht;1;1;0;0;0;0;0;0;0;0;fitness
16884;newstyle lombok bv;1920;135048;455749;laurens reaalstraat 23;3531gm;utrecht;utrecht;utrecht;1;1;0;0;0;0;0;0;0;0;fitness
16885;newstyle maarssen bv;2000;131819;459566;ambachtsweg 54;3542dh;utrecht;utrecht;utrecht;1;1;0;0;0;0;0;0;0;0;fitness
16886;newstyle leidsche rijn bv;2012;131979;457049;fletcher hendersonstraat 47;3543gl;utrecht;utrecht;utrecht;1;1;0;0;0;0;0;0;0;0;fitness
16887;newstyle thorbecke bv;2012;135184;457641;thorbeckelaan 18d;3552cs;utrecht;utrecht;utrecht;1;1;0;0;0;0;0;0;0;0;fitness
16888;newstyle oudwijk bv;1910;137691;455533;oudwijkerdwarsstraat 104;3581lh;utrecht;utrecht;utrecht;1;1;0;0;0;0;0;0;0;0;fitness
16891;bodysports;;134493;455715;kanaalweg 94a;3533hh;utrecht;utrecht;utrecht;1;1;0;0;0;0;0;0;0;0;fitness
16892;vida leidsche rijn b,v.;1999;132539;456694;dirck hoetweg 5;3541bh;utrecht;utrecht;utrecht;1;1;0;0;0;0;0;0;0;0;fitness
16977;de vechtsebanen;1971;134392;459539;mississippidreef 151;3565ce;utrecht;utrecht;utrecht;1;1;0;0;0;0;0;0;0;0;schaatsen
17043;wielercentrum nedereindseberg;2004;132466;449930;nedereindseweg 501W;3546pm;utrecht;utrecht;utrecht;1;0;1;0;0;0;0;0;0;0;bmx
17043;wielercentrum nedereindseberg;2004;132466;449930;nedereindseweg 501W;3546pm;utrecht;utrecht;utrecht;2;0;2;0;0;0;0;0;0;0;skeeleren
17043;wielercentrum nedereindseberg;2004;132466;449930;nedereindseweg 501W;3546pm;utrecht;utrecht;utrecht;1;0;1;0;0;0;0;0;0;0;wielersport
17078;hart van noord;2006;134712;454291;trumanlaan 60b;3527br;utrecht;utrecht;utrecht;1;1;0;0;0;0;0;0;1;0;aerobics
17078;hart van noord;2006;134712;454291;trumanlaan 60b;3527br;utrecht;utrecht;utrecht;1;1;0;0;0;0;0;0;1;0;zaalsport
17079;waterwin;2004;131420;457462;musicallaan 112;3543bt;utrecht;utrecht;utrecht;1;1;0;0;0;0;0;0;1;0;aerobics
17079;waterwin;2004;131420;457462;musicallaan 112;3543bt;utrecht;utrecht;utrecht;1;1;0;0;0;0;0;0;1;0;zaalsport
17280;bison bowling;;136484;455791;mariaplaats 13;3511lj;utrecht;utrecht;utrecht;8;8;0;0;0;0;0;0;0;0;bowlen
17281;mitland bowling;;138388;456742;ariënslaan 1;3573pt;utrecht;utrecht;utrecht;9;9;0;0;0;0;0;0;0;0;bowlen
17328;Maarschalkerweerd;1968;138745;453876;Laan van Maarschalkerweerd 22;3585lj;utrecht;utrecht;utrecht;6;0;6;6;0;0;0;0;0;0;tennis
19147;sportpark zuilenselaan;2012;132933;459458;Burgemeester Norbruislaan 680;3555ez;utrecht;utrecht;utrecht;1;0;1;0;1;0;0;0;0;0;hondensport
19147;sportpark zuilenselaan;2012;132933;459458;Burgemeester Norbruislaan 680;3555ez;utrecht;utrecht;utrecht;5;0;5;1;4;0;0;0;0;0;voetbal
19167;sportpark Wesley Sneijder;1968;135133;457703;thorbeckelaan 16;3552cs;utrecht;utrecht;utrecht;3;0;3;2;1;0;0;0;0;0;voetbal
19168;Sportpark Rijnvliet;2011;132923;454226;Sportpark Rijnvliet 3;3545ea;utrecht;utrecht;utrecht;3;0;3;1;0;0;2;0;0;0;hockey
19168;Sportpark Rijnvliet;2011;132923;454226;Sportpark Rijnvliet 3;3545ea;utrecht;utrecht;utrecht;2;0;2;1;1;0;0;0;0;0;voetbal
19169;sportpark voordorp;2006;138616;457713;voorveldselaan 2;3573pv;utrecht;utrecht;utrecht;11;0;11;8;3;0;0;0;0;0;voetbal
19170;sportpark koningsweg;1997;138437;453760;koningsweg 139;3585la;utrecht;utrecht;utrecht;5;0;5;3;2;0;0;0;0;0;voetbal
19171;sportpark de dreef;1995;136620;459169;schooneggendreef 25;3562gg;utrecht;utrecht;utrecht;2;0;2;1;1;0;0;0;0;0;voetbal
19172;sportpark elinkwijk;1972;133048;459179;amsterdamsestraatweg 1015;3555ht;utrecht;utrecht;utrecht;5;0;5;1;4;0;0;0;0;0;voetbal
19173;sportpark lunetten;1980;137191;452746;olympus 9;3524wb;utrecht;utrecht;utrecht;5;0;5;4;1;0;0;0;0;0;voetbal
19174;sportpark papendorp;2005;134329;453422;tirionlaan 3;3528bm;utrecht;utrecht;utrecht;2;0;2;1;1;0;0;0;0;0;voetbal
19175;Sportpark Vechtzoom;1969;135343;458411;Rio de Janeirodreef 203a;3563vs;utrecht;utrecht;utrecht;2;0;2;0;0;0;2;0;0;0;hockey
19175;Sportpark Vechtzoom;1969;135343;458411;Rio de Janeirodreef 203a;3563vs;utrecht;utrecht;utrecht;2;0;2;1;1;0;0;0;0;0;voetbal
19176;sportpark zoudenbalch;1968;138679;454305;laan van maarschalkerweerd 15;3585lj;utrecht;utrecht;utrecht;5;0;5;1;4;0;0;0;0;0;betaald voetbal
19176;sportpark zoudenbalch;1968;138679;454305;laan van maarschalkerweerd 15;3585lj;utrecht;utrecht;utrecht;4;0;4;2;2;0;0;0;0;0;voetbal
19177;Sportpark Maarschalkwaard;;138835;454441;Laan van Maarschalkerweerd 2;3585lj;utrecht;utrecht;utrecht;8;0;8;3;5;0;0;0;0;0;voetbal
19851;Sportpark Maarschalkweerd;;138786;454099;Laan van Maarschalkerweerd 2;3585lj;utrecht;utrecht;utrecht;9;0;9;3;0;1;5;0;0;0;hockey
19909;sportpark Humphrey Mijnals;1996;135220;452706;rooseveltlaan 1116;3526bt;utrecht;utrecht;utrecht;2;0;2;2;0;0;0;0;0;0;voetbal
19910;sportpark de berenkuil;1972;138380;456820;ariënslaan 2;3573pt;utrecht;utrecht;utrecht;2;0;2;2;0;0;0;0;0;0;voetbal
19947;Tennispark Lunetten;1980;137260;452879;Olympus 1;3524wb;utrecht;utrecht;utrecht;10;0;10;0;0;0;0;0;0;0;tennis
19948;T.C. Rijnsweerd;1960;139471;454957;Weg naar Rhijnauwen 5D;3584ad;utrecht;utrecht;utrecht;4;0;4;2;0;0;0;0;0;0;tennis
20188;Zuilense T.C.;;132933;459458;Burgemeester Norbruislaan 680;3555ez;utrecht;utrecht;utrecht;5;0;5;0;0;0;0;0;0;0;tennis
20439;Personal Fitness Utrecht;;136866;457082;Van Humboldtstraat 108;3514GS;utrecht;utrecht;utrecht;1;1;0;0;0;0;0;0;0;0;fitness
20440;Basic-Fit Utrecht Europaplein;;135939;453298;Europaplein 705;3526WP;utrecht;utrecht;utrecht;1;1;0;0;0;0;0;0;0;0;fitness
20441;Fit For Free 82 B.V.;;134983;454163;Beneluxlaan 21;3527HS;utrecht;utrecht;utrecht;1;1;0;0;0;0;0;0;0;0;fitness
20442;Anytime Fitness Oog in Al;;134347;455390;Händelstraat 57;3533GH;utrecht;utrecht;utrecht;1;1;0;0;0;0;0;0;0;0;fitness
20443;Basic-Fit Utrecht Franciscusdreef;;134903;459771;Franciscusdreef 80;3565AD;utrecht;utrecht;utrecht;1;1;0;0;0;0;0;0;0;0;fitness
20913;MTBroute Nieuwegein;;132553;449855;Nedereindseweg 501;3546PM;utrecht;utrecht;utrecht;1;0;1;0;0;0;0;0;0;0;mountainbike
21068;Gymzaal Rijnvliet;2019;132811;454366;lotusvliet 44;3545dh;utrecht;utrecht;utrecht;1;1;0;0;0;0;0;0;0;1;zaalsport
21069;Kentalis College Utrecht;1968;135228;459131;Boadreef 2;3563ep;utrecht;utrecht;utrecht;1;1;0;0;0;0;0;0;0;1;zaalsport
21167;Boulderhal Energiehaven;;133327;456906;Elektronweg 10A;3542AC;utrecht;utrecht;utrecht;1;1;0;0;0;0;0;0;0;0;boulderen
21227;Sportpark Rijnvliet;2012;132789;454263;Sportpark Rijnvliet 5;3545ea;utrecht;utrecht;utrecht;2;0;2;0;2;0;0;0;0;0;rugby
21228;Sphaerinda;1904;139202;454946;Weg naar Rhijnauwen 1;3584ad;utrecht;utrecht;utrecht;2;0;2;2;0;0;0;0;0;0;tennis
21251;Boulderhal Zuidhaven;;135609;452960;Vrieslantlaan 2;3526AA;utrecht;utrecht;utrecht;1;1;0;0;0;0;0;0;0;0;boulderen
21298;Sportpark Overvecht-Noord II;;134009;460071;Manitobadreef 4;3565CH;utrecht;utrecht;utrecht;4;0;4;1;3;0;0;0;0;0;voetbal
21331;The Wall;;132543;457412;Hertogswetering 173;3543AS;utrecht;utrecht;utrecht;1;1;0;0;0;0;0;0;0;0;trampolinespringen
21374;Herculeshal;;138616;457713;Voorveldselaan 2;3573PV;utrecht;utrecht;utrecht;1;1;0;0;0;0;0;1;0;0;zaalsport
21433;Skatepark Utrecht;;135900;454169;Koningin Wilhelminalaan 4;3527LD;utrecht;utrecht;utrecht;1;1;0;0;0;0;0;0;0;0;skaten
21444;Peakz Padel Utrecht;;134418;459377;Mississippidreef 161;3565CE;utrecht;utrecht;utrecht;8;8;0;0;0;0;0;0;0;0;padel
21697;Dansschool My Motion;;136254;452982;jutfaseweg 224;3522hs;utrecht;utrecht;utrecht;1;0;1;0;0;0;0;0;0;0;dansen
21770;De Wilg;;142892,19;470783,87;mecklenburglaan 3- 5;3581nv;utrecht;utrecht;utrecht;1;0;1;0;0;0;0;0;0;0;dansen
21770;De Wilg;;142892,19;470783,87;mecklenburglaan 3- 5;3581nv;utrecht;utrecht;utrecht;1;0;1;0;0;0;0;0;0;0;darten
21808;FDC-Center ;;134886;453794;amerikalaan 201;3526vd;utrecht;utrecht;utrecht;1;0;1;0;0;0;0;0;0;0;dansen
21893;Gymzaal Wevelaan;;138066;457489;wevelaan 6;3571xs;utrecht;utrecht;utrecht;1;0;1;0;0;0;0;0;0;0;goalball
21899;Gymzaal de Speler;;135211;457649;thorbeckelaan 18c;3552cs;utrecht;utrecht;utrecht;1;0;1;0;0;0;0;0;0;0;judo
21922;Het Wilde Westen;;134623;455654;everard meijsterlaan 1b;3533ck;utrecht;utrecht;utrecht;1;0;1;0;0;0;0;0;0;0;dansen
22111;SPAT verandert;;136832;457400;p.c. borstraat 13;3515xw;utrecht;utrecht;utrecht;1;0;1;0;0;0;0;0;0;0;fitness
22223;Sportschool Overfit;;136076;458231;jonkvrouw sanderijndreef 41;3562ln;utrecht;utrecht;utrecht;1;0;1;0;0;0;0;0;0;0;fitness
